Gene	ALU_GSE7334_ELIANA	ABA_GSE3454_FABIAN
orf114		0.40276941113960907	0
orf110b		0.387318912465055	0
ycf5		0.4068923745417682	0
atpB		0.3841279200705414	0
At2g23170		0.38356109331468774	0
At2g40890		0.18624294193877694	0
At2g45230		0.1488776325474468	0
At2g47590		0.21440292946535566	0.8567355867555906
At2g47540		0.3339361870415321	0.7664870102679471
At5g12430		0.37331469872777895	0
At5g12370		0.4255404632175608	0.7941437730202027
At1g67830		0.43647035255423106	0
At4g16143		0.3084285063361546	0
At4g25580		0.025081074723322685	0
At4g14150		0.4334557040341449	0
At4g14210		0.3429585675160035	0.7572510698394967
At4g16146		0.29112731483329307	0
At4g14615		0.17542342669176014	0
At4g16442		0.3071666505298455	0
At4g17770		0.3539152030063822	0
At4g16690		0.3584953047670612	0
At4g17600		0.28971045103774473	0
At4g14965		0.3766087067500399	0
At4g17520		0.36871720903847954	0
At4g17610		0.331920330033476	0.7517683242724222
At4g17360		0.42439946575511284	0.6762203516306442
At4g16870		0.30752483942735215	0
At4g16050		0.4036506714685499	0
At4g16060		0.4026998405431808	0
At4g16170		0.31306241308973176	0
At4g15710		0.3308977471122445	0
At4g15740		0.3856134253490811	0
At4g15300		0.38246285074917225	0
At4g14650		0.08851802308523002	0.9210806150180735
At4g14695		0.3919603213552818	0
At4g14770		0.14042228026429557	0
At4g14550		0.21534941906422134	0
At1g56675		0.05231009075938391	0
At1g56570		0.27314728841507285	0
At1g56560		0.4181081389940926	0
At1g28320		0.24148768617717103	0
At5g04270		0.31784601507338384	0
At1g25988		0.08509915163552943	0
At1g33600		0.3919988846172628	0
At1g30260		0.2817807334390962	0
At1g35180		0.4271090419770982	0
At1g32200		0.410898448092835	0
At1g32100		0.3767366596814189	0
At1g46912		0.2747291708866154	0
At1g58420		0.006481366667577392	0
At5g13530		0.3982140130961943	0
At1g58025		0.332209253002521	0
At1g26230		0.38776952361634637	0
At5g09420		0.049201780521046505	0
At5g09440		0.37532681072269447	0
At5g11090		0.012840768601291228	0
At5g24750		0.39258845014222477	0
At5g28500		0.3719491669839261	0
At5g19710		0.4008144440728935	0
At5g19720		0.32153929110597607	0
At5g10700		0.4302295210252917	0
At5g21105		0.3566116413594711	0
At5g19450		0.28229231882636563	0
At5g19350		0.1337911846986801	0
At5g20220		0.4280601008113745	0
At5g20440		0.3268135840805755	0.7066189060470325
At5g20550		0.1375949208662606	0
At5g20390		0.39430078730428525	0
At5g32560		0.40307701481445546	0
At5g19880		0.4436734632313849	0
At5g20870		0.34605519708863763	0
At4g36800		0.2516899213435192	0
At1g31860		0.34939830774871017	0
At3g51820		0.36813549585764893	0
At1g31930		0.420646780075734	0.792198937223311
At3g56850		0.0441426943184637	0
At3g44900		0.36574131310272284	0
At3g56730		0.332768072914927	0
At1g16570		0.11118632844662459	0
At1g40150		0.14735716952670408	0
At1g51890		0.39155710964791013	0
At1g77360		0.25128720551025274	0
At1g58180		0.44832892719724676	0
At1g57680		0.3540596246172023	0
At1g57700		0.36670163929139793	0
At5g16750		0.37886966686527623	0
At5g17010		0.2132617076280251	0.7568634747571183
At5g16100		0.11497171122000023	0
At5g15630		0.10551715847376361	0
At1g31650		0.3940916246726816	0
At5g14830		0.4243488880514368	0
At5g14760		0.41651547569575015	0
At1g50730		0.37543346838938985	0
At5g34870		0.0948210317521263	0
At5g35240		0.39369706417712247	0
At5g34790		0.1646118546509011	0
At5g27760		0.4230328832131535	0
At5g27700		0.3340248128678563	0
At5g27830		0.3646660614730971	0
At5g26080		0.40525157073434	0
At5g25510		0.3945622888936479	0
At5g25880		0.3500197669273387	0
At5g25080		0.3703817191838806	0
At5g25360		0.4447755084932775	0
At5g25440		0.4022276995163866	0
At5g25040		0.3232880794736981	0.8791447969426577
At5g04890		0.3424024604730935	0.7775723926620978
At5g67290		0.39678279594915	0
At5g67420		0.3872457673736288	0
At5g66710		0.34686917561224406	0
At5g66890		0.4006069914308715	0
At5g66510		0.03778011011641342	0
At5g66060		0.3540226523086389	0
At5g66070		0.34055379593089763	0
At5g66170		0.18290114652491146	0
At5g66210		0.37186695089659183	0
At5g65670		0.1983585382188386	0
At5g65420		0.3661977697843953	0
At5g65500		0.43257418451266294	0
At5g65000		0.08626393498996503	0
At5g64640		0.409720320056208	0
At5g63910		0.286509217003557	0.8284480659408876
At5g63890		0.3854936664231137	0.8672206004032323
At5g63905		0.36317576797165946	0
At5g63450		0.38242989607323874	0
At5g63390		0.36162520184625985	0
At5g63050		0.28837172778042075	0
At5g62310		0.40092005728794755	0
At5g62420		0.38111542860872044	0
At5g61890		0.370315746132044	0
At5g62040		0.12484298111764236	0.7395835735669405
At5g61740		0.37065401519079205	0
At5g61410		0.2493398739179712	0
At5g61520		0.3637818560304523	0
At5g61010		0.4101759643802524	0
At5g61220		0.259663228206247	0
At5g60760		0.40694027713340997	0
At5g59980		0.3258260285991624	0
At5g59670		0.3365346584242311	0
At5g59730		0.39626172784848906	0
At5g59400		0.2305038218688324	0
At5g58720		0.39331050753468044	0.8369933209499052
At5g58620		0.4077746978366773	0
At5g57900		0.37562895209402275	0
At5g57890		0.24050342736302466	0
At5g57850		0.09962829134258519	0
At5g57970		0.23681325112743112	0
At5g57345		0.08404258755494816	0
At5g57540		0.427191791382469	0
At5g56630		0.11711181345656888	0.6299141329243787
At5g56790		0.31161845624148016	0
At5g56190		0.34142535053031275	0
At5g56230		0.3999398006600282	0
At5g55530		0.2776259479868155	0
At5g55340		0.4142899592262956	0
At5g55580		0.24645396278712806	0
At5g55770		0.06439965403143626	0
At5g54540		0.31520244896437516	0
At5g54930		0.21160057810884325	0
At5g53880		0.08494217676056887	0.6461443850769849
At5g54190		0.3730013130995469	0
At5g53540		0.3736602666748271	0.7989247161821516
At5g53490		0.3887415609681647	0
At5g52900		0.20907561940907604	0
At5g52800		0.25324678050301935	0
At5g52180		0.31799024215275484	0
At5g52220		0.4033806316496072	0
At5g51950		0.24593790273474891	0
At5g51570		0.4154527020468335	0.9004002570923426
At5g51600		0.41387548456342765	0
At5g51800		0.23263579814484314	0
At5g51310		0.41156338468530307	0
At5g51320		0.3841748807411615	0
At5g51110		0.34826714236061135	0.7307738369414587
At5g51050		0.2985679300856622	0
At5g50780		0.39664268079914583	0
At5g50400		0.30260030801123566	0
At5g50410		0.23972515989942256	0
At5g50420		0.35342254005507073	0
At5g49945		0.3496793043405753	0
At5g49950		0.25988002400374394	0
At5g50240		0.224519604302455	0
At5g49830		0.37090374288009076	0
At5g49900		0.33752225576957107	0
At5g49170		0.22475248180681756	0
At5g48940		0.39876452545900315	0
At5g48960		0.31422490391314606	0
At5g48820		0.02459063758402579	0
At5g48410		0.2638325282675578	0
At5g48170		0.39174494870104026	0
At5g48200		0.016959230926409604	0.6370302480598711
At5g47890		0.3871280110593411	0
At5g47650		0.40092872429829085	0
At5g47230		0.41335207155884046	0.6191495795553359
At5g47150		0.38841270362332136	0
At5g47120		0.32632036073212606	0
At5g46740		0.39269860640093207	0
At5g46570		0.21648548788677718	0
At5g46620		0.09821476057955626	0
At5g46795		0.35347812764214565	0
At5g46120		0.41915603689389297	0
At5g46180		0.3927169021511137	0
At5g46020		0.21713095469624116	0
At5g46190		0.4033402440801218	0
At5g46350		0.3226535133115935	0
At5g45760		0.331888006637673	0
At5g45910		0.40749537468107033	0.7203587099507911
At5g45430		0.4382871043191018	0.8046811220964625
At5g45620		0.2110358055068301	0.8601908513966426
At5g45590		0.35281500794285797	0.8246302040265201
At5g45650		0.30909705771261964	0
At5g45020		0.221819705807225	0.7390748899780374
At5g45140		0.44873067148825896	0
At5g45230		0.39331624512683366	0.7605493928755033
At5g45300		0.12527773020942035	0
At5g44570		0.13427267350427494	0
At5g44860		0.26353494882448975	0
At5g44720		0.27010106739454925	0
At5g43930		0.07526430937478869	0
At5g43720		0.011039805723663022	0
At5g43200		0.4363312605038232	0
At5g42760		0.4118657496314241	0
At5g42120		0.32155181936543553	0
At5g42220		0.34849969081439514	0
At5g42270		0.42952479632650575	0
At5g41680		0.20210553202040743	0
At5g41820		0.281657866344847	0
At5g41940		0.28881325879375513	0
At5g41580		0.358881089201086	0
At5g41010		0.3222009547966788	0
At5g40520		0.4246981550308033	0
At5g40530		0.1532671390121853	0
At5g40630		0.3283907433173031	0
At5g40670		0.27174902835225667	0
At5g40290		0.4323772798454809	0
At5g39570		0.23005889195161433	0
At5g39785		0.42862150485569955	0
At5g39990		0.17878477123402747	0
At5g39360		0.3254929567836477	0
At5g38510		0.3748307912608536	0.6989204488984846
At5g38660		0.16885212886439105	0
At5g38320		0.24690108651907938	0
At5g38450		0.38316149506664765	0
At5g36840		0.15294593075915597	0.688566948992579
At5g36950		0.25739140273128924	0
At5g37020		0.15012974284532665	0
At5g35690		0.4200970471101373	0
At5g24470		0.355434483574097	0
At5g24540		0.4136341821752524	0
At5g24660		0.4017159211659376	0
At5g23670		0.06814768442192995	0
At5g23580		0.41682479206102074	0
At5g23390		0.3603073915448773	0.8314856747542361
At5g23320		0.3588130548437901	0
At5g23110		0.3120124925601271	0
At5g22510		0.2928072091962802	0
At5g22300		0.3206816229119718	0
At5g18920		0.4133082784965597	0
At5g19100		0.373573056935489	0
At5g18250		0.4183229518284772	0
At5g18280		0.28040998633129566	0
At5g17800		0.12573925120992746	0
At5g16620		0.11794890228977577	0
At5g17320		0.2850193302010485	0.7478732985071173
At5g16550		0.21188765576469293	0
At5g15190		0.3466753214970451	0
At5g14300		0.3396728599089489	0
At5g13980		0.3221189528769422	0
At5g13880		0.23443144803569194	0
At5g13960		0.2964601257489244	0.8301123564335251
At5g14210		0.2727873036664873	0
At5g14220		0.22604337927950635	0
At5g13910		0.3336866118016684	0
At5g13580		0.36196233737617806	0
At5g13720		0.2783923134541356	0
At5g12970		0.3931183894694078	0
At5g13290		0.41155620646881047	0
At5g12020		0.36326373912685256	0
At5g11980		0.22451619954086033	0
At5g11680		0.21980899795770847	0
At5g11720		0.3180155994489944	0
At5g11960		0.2418673440675395	0
At5g10880		0.40172171243371724	0
At5g11000		0.444291933558807	0.7472592778159961
At5g10420		0.29376318935735596	0
At5g10540		0.39743484470430956	0.8585632284246157
At5g09700		0.01969399299058671	0.6840507559805152
At5g09770		0.19317275708844872	0
At5g08570		0.38421387801060103	0
At5g08560		0.36360365113537024	0
At5g08210		0.38516887801482436	0
At5g07910		0.14527436507277286	0
At5g07440		0.385184310730344	0
At5g07410		0.4034633046652438	0
At5g07110		0.2714346424129357	0
At5g06520		0.11651277426756286	0
At5g06610		0.2511830096970875	0
At5g06830		0.3559105972516495	0
At5g06000		0.31499814908165524	0
At5g05660		0.13458850626921778	0.6898967982863236
At5g05460		0.27378892218668593	0
At5g05490		0.34196087796643543	0
At5g05270		0.34220685472985074	0
At5g05150		0.2958408809598631	0
At5g05170		0.39785226115038397	0
At5g04430		0.15538612217900183	0
At5g04460		0.27923202125812174	0
At5g03720		0.40282869060757337	0
At5g03740		0.13261344046821316	0
At5g03120		0.42870540657337886	0
At5g03350		0.26186347099695667	0
At5g02800		0.21187465194568678	0
At5g02610		0.3396808239460452	0
At5g02180		0.3531128782927393	0
At5g01860		0.25909461440656945	0
At5g01750		0.3382385221900598	0
At5g01590		0.06761280701198738	0
At3g63290		0.023890909184144004	0.8920111626133341
At3g63330		0.4305582664103299	0
At3g62820		0.1348126889657332	0
At3g62560		0.33320785671935904	0
At3g62740		0.3587291772971359	0
At3g62170		0.3972460371771624	0
At3g62330		0.2954776324059702	0
At3g61700		0.39278253771492483	0
At3g61610		0.2199668868603042	0
At3g61460		0.24160015561864817	0
At3g60920		0.36290651550586084	0
At3g59570		0.43149212500694634	0
At3g59700		0.38380180240099704	0
At3g59740		0.414559791384753	0
At3g59460		0.0010285361804345174	0
At3g59410		0.3862107032169292	0
At3g59430		0.08043632623285815	0
At3g58530		0.29588515490736317	0
At3g58280		0.39088670357513366	0
At3g57470		0.40472515868415726	0
At3g56940		0.3943263446651873	0
At3g57320		0.4281205820851356	0
At3g57030		0.3533659639163372	0
At3g56360		0.2988550864254865	0
At3g56620		0.3853367555298015	0
At3g56960		0.3000823494509258	0
At3g55870		0.3529815800567011	0.7027661585770155
At3g56310		0.16790871331918766	0
At3g55890		0.40855017234653646	0
At3g55830		0.3004080843454313	0
At3g56000		0.36190950147000717	0
At3g55280		0.2702973318562981	0
At3g55510		0.26221724066386465	0.6283908941205605
At3g55250		0.3951200836537183	0
At3g54630		0.30278634601338744	0
At3g54820		0.3756403760243289	0
At3g54660		0.14455451662814633	0
At3g54810		0.3185576896530291	0
At3g54300		0.3977846088683228	0
At3g54250		0.4287078574864533	0
At3g54210		0.4026881284498649	0
At3g54220		0.3673015997223752	0
At3g53840		0.42504732983766413	0
At3g53990		0.38975185337246077	0
At3g54060		0.19180457785123728	0
At3g53200		0.4008690536900966	0
At3g52940		0.04059730599733391	0
At3g52810		0.3905464493906286	0
At3g52730		0.2871087182084465	0
At3g52870		0.42595459258907764	0
At3g52850		0.3953613919183047	0
At3g52390		0.03502188159613594	0
At3g52600		0.43043383976931227	0
At3g52480		0.32387705910629666	0
At3g51970		0.4258732466811357	0
At3g51000		0.3569324821293088	0
At3g51180		0.33077218533141073	0
At3g51330		0.3418414731935661	0
At3g50300		0.2938888733502165	0
At3g50340		0.41087018255300595	0
At3g49690		0.3404096349640061	0
At3g49910		0.3180255147710392	0
At3g50010		0.3280730098699727	0
At3g49790		0.37559265670651365	0
At3g49170		0.36396325062061996	0
At3g48690		0.39746360574122047	0
At3g48580		0.22752231303040027	0
At3g48790		0.1736703512706511	0
At3g48810		0.17251461721622752	0
At3g48750		0.3739049782155663	0
At3g48170		0.23542953457339627	0
At3g48040		0.2574005276406551	0
At3g47750		0.3381265258547346	0
At3g47980		0.43818449725260283	0
At3g47000		0.3287532450232202	0
At3g46680		0.35244780010056487	0
At3g46750		0.3453030949799269	0
At3g46340		0.32655510752749983	0
At3g46460		0.3891321773130709	0
At3g45860		0.40993171760392905	0
At3g46020		0.42491559004088225	0
At3g45410		0.37876208239778014	0
At3g45540		0.35769056461834786	0.639064907708047
At3g45060		0.30642405218449636	0
At3g44940		0.3756553524952548	0
At3g44510		0.3950588684009392	0
At3g44280		0.36704969807927107	0
At3g44410		0.3127586483323135	0
At3g43960		0.39795045061316947	0
At3g43800		0.13524235840626944	0
At3g43900		0.3624829105659833	0.8197889825043593
At3g43930		0.4330723250086591	0
At3g42900		0.3663857400198602	0
At3g42420		0.3218041538292373	0
At3g42550		0.42662464280317325	0
At3g42600		0.2854477515407429	0
At3g42060		0.3330129971816831	0
At4g39900		0.2247018667848465	0
At4g39840		0.4050571028373444	0
At4g39530		0.35362492691164504	0.8367469110119339
At4g39220		0.04885599606951223	0
At4g38990		0.3367424278853446	0
At4g38800		0.2174842299060259	0
At4g38410		0.41643398086221795	0
At4g38470		0.3452485499032498	0
At4g38370		0.33865050507101674	0
At4g38360		0.3156552486731203	0
At4g38100		0.03943781179697502	0
At4g37890		0.25796395322281995	0
At4g38150		0.15396546658916876	0
At4g37370		0.374913600128594	0
At4g37470		0.33825115566655245	0
At4g37640		0.026610951030053214	0
At4g37780		0.3437523708952402	0.588133336461284
At4g35930		0.29856049631748827	0
At4g35450		0.26298539800682796	0
At4g35750		0.3705217359096555	0
At4g35060		0.35160509529560396	0
At4g35360		0.09021853251347493	0
At4g34850		0.3022887002783238	0
At4g34610		0.37294356425277075	0
At4g34760		0.2863060912468191	0
At4g34360		0.35061963624588055	0
At4g33950		0.26537598747235436	0
At4g33960		0.34107476255262376	0
At4g33500		0.2937321019452799	0
At4g33410		0.09761318341458763	0
At4g32915		0.16035750894752476	0
At4g32770		0.40199428076490695	0
At4g32660		0.39267698762100794	0
At4g32810		0.4137141630735531	0
At4g32840		0.25198672963822266	0
At4g32800		0.15071511669982463	0
At4g33070		0.37237627175925797	0
At4g32740		0.4209677372780759	0
At4g32530		0.013288899084722848	0
At4g31930		0.4110354585708101	0
At4g32060		0.39879463179371577	0.8637619945671235
At4g32105		0.4140416012552268	0
At4g31780		0.4045496334024099	0
At4g31820		0.3501229841634548	0
At4g31710		0.369887483186924	0
At4g31750		0.42746810221184717	0
At4g31530		0.4084684206670191	0.7739105110710902
At4g31100		0.4160409848439371	0
At4g31200		0.3963218270608089	0
At4g30810		0.23665414957009134	0
At4g30460		0.3510816668583271	0
At4g30560		0.35483259788883487	0
At4g30090		0.17885441852375383	0
At4g29530		0.3201438018828045	0.9087565794640546
At4g29670		0.19954362648726254	0
At4g29510		0.2210848314067717	0
At4g29120		0.23590082792117462	0
At4g29440		0.1685373422210913	0
At4g29240		0.3385193644575237	0
At4g29160		0.42430242910448596	0
At4g28750		0.25912410979086536	0
At4g28395		0.399768202880299	0
At4g28380		0.35143508524525885	0
At4g28085		0.37546254230941245	0
At4g27970		0.20833074712008348	0
At4g27890		0.3877379298755138	0.8602377349055977
At4g28020		0.38479682899280027	0
At4g27470		0.16628210122269416	0
At4g27670		0.19739509946779343	0
At4g27750		0.12609585688593739	0
At4g26900		0.38506577948095155	0
At4g26470		0.43256640137908564	0
At4g26550		0.2496254916073356	0
At4g26220		0.3217597864221081	0
At4g26000		0.05995166611721573	0
At4g26390		0.3477545305067127	0
At4g25960		0.420086243461125	0
At4g25970		0.2955638740959011	0
At4g25300		0.3749597833126106	0
At4g25370		0.40985778265556594	0
At4g25060		0.43107003341242844	0
At4g25230		0.39399351816060646	0
At4g24600		0.41644433517159335	0
At4g24120		0.4239818547407138	0
At4g23960		0.35003743186618247	0
At4g23890		0.4318479290641388	0
At4g23900		0.39692732201208303	0
At4g23760		0.39421568391292006	0
At4g23200		0.38842845854912533	0
At4g23420		0.25978255559804536	0
At4g23050		0.23091048509485923	0
At4g22720		0.3465462443241597	0.7420639886969453
At4g22440		0.2472359347717159	0
At4g22450		0.3786924815800444	0
At4g22570		0.28075232581128345	0
At4g22760		0.40780643966335367	0
At4g22050		0.4255757881809439	0
At4g22310		0.13161830517427922	0
At4g21700		0.4310439874189509	0
At4g21590		0.3378834703110681	0
At4g21350		0.257860847737572	0
At4g21480		0.41820813496028786	0
At4g21105		0.37682850098615217	0
At4g20430		0.3085126099172163	0
At4g20350		0.3570272211152925	0
At4g20360		0.4273049012903448	0
At4g20370		0.08106308483682882	0
At4g20750		0.3957213740979904	0
At4g20780		0.3930575305125722	0
At4g20210		0.22165528451263328	0
At4g19540		0.3959661767876619	0.863275943662388
At4g19870		0.3995188608097124	0
At4g19880		0.3454686323902331	0.718245205220061
At4g19330		0.12826880479434197	0.6649606825724579
At4g19350		0.28007500916500805	0
At4g19470		0.22828835999241004	0
At4g18820		0.4097339170386485	0
At4g17840		0.2588869934021144	0
At4g18060		0.31693668791703405	0
At4g13600		0.3304104613699388	0
At4g13700		0.3913021017771636	0
At4g12980		0.17214380599452989	0
At4g13020		0.3675486641621865	0
At4g13220		0.13319813269393457	0
At4g13180		0.36230702215180605	0
At4g13250		0.29538621099544843	0
At4g12690		0.379574259522757	0
At4g12800		0.14983389579110218	0
At4g12120		0.34205205220270635	0
At4g12180		0.38950704392215196	0
At4g12190		0.22438141744353357	0
At4g11560		0.32687592374110436	0
At4g11760		0.3344110487991921	0
At4g11150		0.24274792694205305	0
At4g11160		0.41488684169722134	0.8545255521280138
At4g11450		0.19696841177429458	0
At4g10770		0.4068331421493269	0
At4g11110		0.19915622066979383	0
At4g10340		0.3835382599998431	0
At4g10050		0.2584568094038918	0
At4g10320		0.38582977190976014	0
At4g08990		0.2998012556825303	0
At4g08690		0.3958366847957052	0
At4g08170		0.39607183218755726	0
At4g08440		0.4288523611949907	0
At4g08150		0.34659589093892457	0
At4g04870		0.28412695745471284	0
At4g04955		0.20670948129409095	0
At4g04150		0.361010474329979	0
At4g03930		0.40990787615011504	0
At4g04000		0.35405099229139364	0
At4g03550		0.4189372133295842	0
At4g03630		0.40272374714110926	0
At4g03205		0.37710023376756785	0
At4g03120		0.36051123955429676	0
At4g03210		0.4475942841319917	0
At4g02700		0.16747936097651006	0
At4g02890		0.19650023479667705	0
At4g02550		0.4186872078051724	0
At4g02400		0.356255384634114	0
At4g01575		0.11075834092144492	0
At4g01710		0.29055415363206893	0
At4g01900		0.04127965388666767	0
At4g01150		0.23322699400920993	0
At4g01320		0.34297392601506693	0
At4g01450		0.38111956036441474	0
At4g01120		0.426793457544707	0
At4g00920		0.40906183751110736	0
At4g00990		0.37939432883116453	0
At4g00770		0.30255828644602184	0
At4g00340		0.4019158779969144	0.7312332771894943
At4g00560		0.2208429307677784	0
At4g00150		0.051605683957756554	0
At4g00220		0.2763715512411082	0
At1g32080		0.384387743983043	0.71811683922319
At3g29570		0.03362367563253572	0
At1g25520		0.23665867881307234	0
At1g32020		0.387235601500137	0
At1g32050		0.09093907352836052	0
At1g43040		0.43436745382276076	0
At2g33560		0.39281867119934205	0
At4g10140		0.11615197548293041	0
At2g30290		0.39238442085835806	0
At1g17850		0.4069295516686696	0
At1g17960		0.4358724861452405	0
At1g22060		0.436924137974506	0
At1g22160		0.28188093871994724	0
At1g19210		0.41991034956165973	0
At1g19200		0.39104404876196464	0
At1g19180		0.32115707275798816	0
At1g07080		0.12064675144164616	0
At1g07025		0.34368946208221535	0
At1g07260		0.16844552161666582	0
At1g07030		0.4287324463816955	0
At1g20770		0.3141742704862409	0
At1g16910		0.3077509268298187	0
At1g13570		0.2582616536333234	0.8469386345056352
At1g55110		0.037420673611238214	0
At1g13590		0.33761926691417293	0
At1g55390		0.34879458522416595	0
At1g48800		0.37467309518509717	0
At1g51700		0.41616237503238174	0
At1g30160		0.3800524658103418	0.8412817339499621
At1g58220		0.3367606659696111	0
At1g50930		0.39759496694183427	0
At1g56200		0.2211390087011933	0
At3g11210		0.32099054884998324	0
At3g11130		0.4125190787495852	0
At3g10960		0.19252503622038686	0
At1g36180		0.19627197286773457	0
At1g31470		0.1129843551648314	0
At1g31520		0.4153583212153594	0
At1g75140		0.3894244093082176	0
At3g32917		0.38268773866416184	0
At3g31360		0.4165509670986342	0
At3g19550		0.4032532914398562	0
At3g28270		0.43533648421686527	0
At3g20015		0.3938344848904124	0
At3g19090		0.25219592832155174	0
At3g52290		0.25520137411588867	0.8375669445389105
At3g30300		0.38858049519561916	0
At2g34050		0.4104516972685455	0
At3g30370		0.3839087388848867	0
At3g29320		0.3202056692603356	0
At3g27150		0.42135518023351903	0
At3g13690		0.3290084361525406	0.6876991444546365
At3g13760		0.19728606845851449	0
At3g21440		0.4340130694931716	0
At3g21340		0.29537741303899223	0
At3g21390		0.10972586550552789	0
At3g24070		0.3656243444276001	0
At3g24080		0.39271382013594225	0
At3g23900		0.37306555018609733	0
At3g22460		0.4090575012589722	0
At3g13550		0.31618022328744655	0.8165923981512446
At3g13390		0.44701588655596697	0
At3g13560		0.39439318464731576	0
At3g15350		0.36155858413819936	0
At3g18290		0.33393177761850823	0
At3g18280		0.3329875411596878	0
At3g18270		0.2846115596165993	0
At3g20520		0.42176169216491316	0
At3g20060		0.1768175500433239	0
At3g27320		0.11316879488996609	0
At3g27310		0.211126458721558	0
At3g23790		0.14559575251330611	0
At3g23740		0.37387988812529943	0
At3g14940		0.1804170827208802	0
At3g27840		0.3948956585139885	0
At3g27890		0.1955088465342979	0
At3g15060		0.4288936278793562	0
At3g24120		0.25545919181320065	0
At3g24160		0.32282503526631323	0
At3g15010		0.42001449707135746	0
At3g28030		0.24230809084349908	0
At3g14440		0.2872522367482926	0
orf101b		0.3607594466120726	0.6636659418393527
orf111c		0.43549909594775504	0
At2g20875		0.35691375753781496	0
At2g17310		0.26666045350865364	0
At1g12030		0.056281525046064255	0
At2g15325		0.4140023895030842	0
At2g18120		0.4164521853128876	0
At3g14960		0.17237182374968774	0
At3g19610		0.28978173865768164	0
At3g16870		0.01008400654848027	0
At3g24830		0.25941243381339285	0
At3g13860		0.38055240265889256	0
At3g26610		0.3714999778737391	0
At3g26550		0.3389982870221782	0
At3g26210		0.04205084235450158	0
At3g25805		0.387437787375539	0
At3g13226		0.3837130381571509	0.7723902019378197
At3g20320		0.2563153877755381	0
At3g12770		0.37408362647550697	0
At3g18400		0.33336897158027673	0
At3g18690		0.0928950424757261	0
At3g18820		0.3860584782367652	0
At3g23030		0.21478261000436893	0.6645390916205243
At3g26720		0.3380618122667449	0
At3g13050		0.33886331645141127	0
At3g17110		0.2647778201038208	0
At3g17130		0.3393200000339116	0
At3g18030		0.4432940964033152	0
At3g28460		0.3779370335951246	0
At3g23210		0.15595080414508122	0
At3g19810		0.3321242846925805	0.7972127423021778
At3g19780		0.4142421709329719	0
At3g27520		0.3126909349560617	0
At3g20720		0.33631268269326353	0
At3g19420		0.2620974793540468	0
At3g19430		0.4041263618610256	0
At3g19310		0.39898188994883577	0
At3g19330		0.43686907226121685	0
At3g19460		0.3911433850979368	0
At3g21300		0.17257382677472888	0
At3g14620		0.2650327276096201	0
At3g14600		0.3428474938515477	0
At3g23610		0.15743877168480525	0
At3g14710		0.42023954628478477	0
At3g14530		0.3366918145583846	0
At3g18040		0.41505532265133693	0
At3g24590		0.241447688047212	0.7755740330256626
At3g24510		0.11733687534593856	0
At3g24492		0.37705132354069804	0.9520660131278383
At3g21660		0.35860344270911293	0
At3g17850		0.35035048908874045	0
At3g14020		0.039662477921737244	0
At3g15730		0.26216221898616004	0
At3g26890		0.3003404455658591	0
At3g15860		0.4142367395056003	0
At3g23390		0.3159850063030651	0
At3g16100		0.035707079968059635	0
At3g22750		0.38439735199696795	0
At3g22845		0.31717951384261306	0
At3g14300		0.2668096070462505	0
At3g14290		0.01811237299862429	0
At3g15410		0.1912795655723708	0
At3g15430		0.3423860784777132	0
At3g16710		0.4027418019161024	0
At3g16720		0.39161928989265904	0
At3g17220		0.12169284318787937	0
At3g06035		0.2065235960141868	0
At3g02650		0.0037960822768141464	0.7768841162719649
At3g02440		0.3259074647603196	0
At3g02580		0.312119984937117	0
At3g02700		0.26909141286611077	0
At3g02590		0.30254148764269817	0
At3g06930		0.27031060400696644	0
At3g04510		0.1521902967187495	0
At3g02990		0.34667372884443465	0
At3g02920		0.34272599282845606	0.7988443767199357
At3g02720		0.3747727471477577	0
At3g04450		0.2441665763960289	0
At3g04460		0.38149812757975865	0
At3g08040		0.3640215049709463	0
At3g09840		0.3883203701638562	0
At3g09830		0.016417824702460625	0
At3g08620		0.4041933654033772	0
At3g07940		0.3743264769852602	0
At3g11745		0.3852627747117852	0
At3g11860		0.4242959762717758	0.6898754151646964
At3g04720		0.08462773329910996	0
At3g03970		0.4097366403023987	0.6866532962217113
At3g03305		0.23864378879548837	0
At3g02040		0.31632773011304627	0
At3g02090		0.32365934935248836	0
At3g05620		0.401556234735992	0
At3g05690		0.3861111040468537	0
At3g05730		0.4191197077497858	0
At3g06483		0.1047733025519044	0.7918695203099315
At3g06350		0.1587030339178745	0
At3g10610		0.3339036209040222	0
At3g10080		0.11118021672486975	0
At3g09930		0.408514040650809	0
At3g10580		0.15550470770865255	0
At3g02020		0.29861986192833	0
At3g08960		0.09158194252419256	0
At3g08890		0.1576450788698735	0
At3g08940		0.4156390644409419	0
At3g09260		0.2930815295651499	0
At3g07510		0.41971949855700785	0.8749681986369332
At3g09220		0.3010745155433291	0
At3g03390		0.20374843786560382	0
At3g03380		0.1489717094682873	0
At3g01310		0.39970321723020574	0
At3g02240		0.3482524072539848	0
At3g10240		0.35521594351722097	0
At3g10380		0.1555911309380097	0
At3g01490		0.3908340451017297	0
At3g01680		0.4337009285513558	0.7419089049139636
At3g01520		0.36487725909265567	0
At3g01720		0.39447155477814216	0
At3g01730		0.4274051924232746	0
At3g03620		0.2299926730210861	0
At3g11410		0.0650276236440853	0
At3g11530		0.43212286590405047	0
At3g01020		0.23465460231571234	0
At3g01140		0.24476945398368416	0
At3g05330		0.4192398253671316	0
At3g01040		0.34284560698609107	0
At3g03740		0.35754416011874446	0
At3g03910		0.3061308180514201	0
At3g05170		0.37646854863634516	0
At1g13420		0.24573807061623365	0
At1g06400		0.3033310963636069	0
At1g06390		0.3834041308863664	0
At1g02390		0.32974056652693473	0
At1g01560		0.17564426518695464	0
At1g01570		0.28924686136528416	0
At1g01480		0.03358351459716461	0
At1g44085		0.3519882900855476	0
At1g15710		0.4046768429042701	0
At1g15790		0.3882470790644843	0
At1g15880		0.4224552022731748	0
At1g20450		0.24806418754847204	0
At1g20575		0.051322699873711325	0
At1g35350		0.13486740444302223	0
At1g28010		0.36171970523392893	0
At1g28140		0.3252763075887809	0
At1g56450		0.3442634665516023	0
At1g42710		0.3671442159767457	0
At1g42970		0.40136829539362867	0
At1g42990		0.3695936385319408	0
At1g42960		0.25446195473111993	0
At1g55315		0.34668086603718046	0
At1g63050		0.32175124042210523	0.7577020424331493
At1g77790		0.333382897010211	0
At1g71190		0.09406681573892177	0
At1g29690		0.04412907689849612	0
At1g49790		0.4104730103422407	0
At1g66220		0.33365740645091513	0
At1g52240		0.34884298001403785	0
At1g72180		0.27471452953084863	0
At1g72200		0.24573091886730486	0
At1g68400		0.28561158730083375	0
At1g76660		0.3371648281426705	0
At1g72600		0.36082046157769804	0
At1g41750		0.3518771389925108	0
At1g30040		0.02058727390414852	0
At1g68790		0.4013614132510074	0
At1g68795		0.40587317656595806	0
At1g73320		0.3420605630628272	0.8465868305503923
At1g73260		0.39788765299075346	0
At1g33880		0.39801541566190407	0
At1g36340		0.37202766359321465	0
At1g52820		0.2854294072856761	0.5937608630270935
At1g71910		0.2652391646392862	0
At1g52840		0.3091793001119421	0.5994947172611483
At1g74400		0.3226089060573824	0
At1g63710		0.3475131694916723	0
At1g63650		0.11661703767896132	0
At1g74320		0.40650672349699585	0
At1g63740		0.3799786707249839	0
At1g80500		0.39528662717257607	0
At1g80440		0.3237827219549557	0
At1g80340		0.26005602531323857	0
At1g63780		0.2160443717186289	0
At1g69200		0.41057890147712994	0
At1g69410		0.222116514393212	0
At1g70550		0.42958797792756687	0
At1g73910		0.3946039396001044	0
At1g72320		0.40117929207613456	0
At1g69935		0.08111482834618022	0
At1g68170		0.32795011563985027	0
At1g68160		0.23027563797898315	0
At1g10960		0.3470000640010834	0
At2g41760		0.06594113046743891	0
At1g47250		0.35135845590302595	0.7863008260492499
At2g47250		0.27519352128044766	0
At2g43330		0.39992040086478964	0
At2g43350		0.39463262563951407	0
At2g41800		0.33957763713450884	0
At2g47300		0.36831557948449684	0
At1g53240		0.18219161312631982	0.9360664259910423
At1g08110		0.3403932007966781	0
At1g19290		0.3767849956152304	0.7225279815017345
At1g19540		0.008878339636542935	0
At1g19525		0.34056043893817584	0
At1g32350		0.3078953913544695	0
At1g48160		0.32431716916654885	0
At1g17630		0.4044935829915866	0
At1g48960		0.3092072761484505	0
At1g49245		0.33056975906703184	0
At1g49200		0.1944662110582992	0
At1g78240		0.4005248059642334	0
At1g43730		0.4213204931030729	0
At1g06930		0.14919014672592057	0.8537315993201758
At1g06900		0.37097328824023573	0
At1g06710		0.37038916973669606	0
At1g06760		0.3544564016249753	0
At1g29150		0.35835870278971754	0
At1g21950		0.2350242815757479	0
At1g43810		0.31281829091540375	0
At1g21580		0.2323180331957685	0
At1g29090		0.15935203476103882	0
At1g02475		0.29642662369511386	0
At1g02680		0.2693746012445001	0
At1g05950		0.25862955515699326	0
At1g53460		0.18413884680847192	0
At1g26390		0.15858807909334172	0
At1g01340		0.2712087524318061	0
At1g17330		0.3515310203072909	0
At1g01440		0.3438074532867549	0
At1g07290		0.24697376603862436	0
At1g62960		0.30101436624818645	0
At1g75410		0.39853686544985184	0
At1g19580		0.3999904567279995	0
At1g19570		0.3979758916433952	0
At1g04970		0.16317101383314891	0
At1g34430		0.3211310151597692	0
At1g34545		0.41828710872279795	0
At1g12900		0.3479771324134356	0
At1g20090		0.2905242102771657	0
At1g32840		0.2899324715215641	0
At1g32810		0.3952285670398641	0
At1g26640		0.22923577108145976	0
At1g26630		0.23835989210927455	0
At1g35780		0.39560852231313764	0
At1g44750		0.1602579779760755	0
At1g44770		0.39685263508030605	0
At1g44900		0.39730290184999595	0
At1g44960		0.3113255085432608	0.8369623012346941
At1g79615		0.09558083527629309	0
At1g41870		0.31755389300877035	0
At1g05400		0.4136806090235223	0
At1g05385		0.40802499289424843	0
At1g07630		0.03682777717437885	0
At1g07770		0.3176409143012192	0
At1g07720		0.13825725603272043	0
At1g28390		0.42202679121420483	0
At1g71750		0.31825409077242417	0
At1g63610		0.4224827963136764	0.7444168745438309
At1g63390		0.14559365364685786	0
At1g33060		0.1466632848783821	0
At1g18440		0.4030180949148608	0
At1g47370		0.2675961493123881	0
At1g47330		0.39414267465900255	0.932698041452318
At1g18510		0.24752380588261091	0
At1g18390		0.20567795555748458	0
At1g76130		0.07089772279361815	0
At1g76100		0.034786234660842234	0
At1g76150		0.21780836830668437	0
At1g76110		0.4251675785479384	0
At1g16020		0.16761572918894502	0.9104066672353907
At1g30550		0.3320293835730488	0
At1g08130		0.1907525516480909	0
At1g10620		0.24776585557406317	0
At1g10650		0.14839104110862505	0
At1g10670		0.35712311330151086	0
At1g50640		0.3726465135919934	0
At1g65060		0.40986050769420257	0
At1g64650		0.2885118689279675	0
At1g64590		0.3997156950685345	0
At1g36430		0.2842366262919317	0
At1g35610		0.16993540540669827	0.785452452491691
At1g80130		0.39397961892979394	0
At1g79920		0.4388694008700924	0
At1g80245		0.3005296026741219	0
At1g56060		0.405425676614696	0
At1g56150		0.3681388651183699	0
At1g02810		0.4397417556634966	0
At1g02970		0.2249237406178618	0
At1g59660		0.34592362462083687	0
At1g78070		0.09397079228080192	0
At1g74970		0.1483868443576537	0
At1g78050		0.35572595483123254	0
At1g78060		0.412294363360545	0
At1g78010		0.40394039618739974	0
At1g77930		0.43124178168447636	0
At1g78040		0.25041839256849785	0
At1g74760		0.3588376188635388	0
At1g48320		0.298405879692615	0
At1g53880		0.4027478928984136	0
At1g68730		0.13503913344039312	0
At1g68590		0.35576418384072717	0
At1g70890		0.41598832135250013	0
At1g64110		0.3711263905560202	0
At2g48150		0.3489735198449826	0
At1g72870		0.33594623653849254	0.8411652239662666
At1g73130		0.11683633106185011	0
At1g73100		0.32810266122252807	0
At1g73110		0.21066793668253514	0
At1g23450		0.3761337283048083	0.7434770791229532
At1g47530		0.13192375137800272	0
At1g49310		0.044256459782836724	0
At1g11160		0.16910561414202263	0.7594351110303281
At1g21660		0.20594104569176885	0
At1g21790		0.24808309595932665	0
At1g11300		0.21596961801873615	0
At1g34270		0.16764639285320804	0
At1g17130		0.1910213029357174	0
At1g17110		0.3780005349617632	0
At1g17200		0.39551503206990324	0
At1g15140		0.3134060426307576	0
At1g15370		0.38272424826429674	0
At1g15310		0.14817698945767244	0
At1g14150		0.3747583295594206	0
At1g06640		0.27739756581405367	0
At1g14240		0.3801092297624623	0
At1g14000		0.33008738390024284	0
At1g75910		0.19507447798624666	0
At1g76020		0.1523081742276357	0
At1g16280		0.2914989409974803	0
At1g16420		0.4098979200305795	0
At1g16310		0.432796194852643	0
At1g16350		0.3881088811719792	0
At1g10780		0.39859724817585995	0
At1g10720		0.4049339052122295	0.6891096503773693
At1g10740		0.23355536316751258	0
At1g11680		0.39125472907894215	0
At1g14700		0.4099560263525507	0
At1g14670		0.311193146956648	0
At1g64810		0.3586149021998093	0
At1g64930		0.4281736810436527	0
At1g64770		0.1988983674474038	0
At1g59790		0.3557024132156105	0.6653710450668835
At1g59870		0.24349534427496833	0
At1g59760		0.3083233326091381	0
At1g79380		0.25217923340941334	0
At1g79560		0.30568581173520365	0
At1g54500		0.05729502151550098	0.7241288946508468
At1g54420		0.39108718450672175	0
At1g23380		0.05068828061325345	0
At1g23400		0.27606198797668735	0
At1g23300		0.4293498140604597	0
At2g04620		0.3665338576594268	0
At2g17590		0.41198592981246757	0
At2g17510		0.21820258023444777	0
At1g65190		0.14897915115728683	0
At1g03110		0.3800845780368921	0
At1g54050		0.38855218595983876	0
At1g03000		0.212781371062701	0
At1g05520		0.29719444763129643	0
At1g30740		0.3733660266593027	0
At1g30620		0.31373736856690065	0
At2g31470		0.42140206316956086	0
At2g11580		0.31354330569240507	0
At2g10880		0.3507678270139052	0
At2g22120		0.17833811644550002	0
At2g20460		0.2059244277958529	0.675523831416567
At2g20480		0.0698469481076168	0
At2g40230		0.3544102369648172	0
At2g11680		0.40155700170158926	0
At2g21240		0.38893869283819643	0
At2g17250		0.32484683408252213	0
At2g17220		0.22422480513895016	0
At2g22270		0.05897331131377509	0.6756360368941237
At2g28600		0.39822475928464796	0
At2g31800		0.10202302253280263	0
At2g04000		0.31877793638266916	0.7446057307510284
At2g07672		0.3056487935168716	0
At2g24830		0.27315091613507037	0
At2g24780		0.2574731183326089	0
At2g24980		0.22695290559676018	0.7217484010845253
At2g16460		0.3970153617252359	0.8706121483994899
At2g16360		0.05216136535606307	0
At2g04795		0.37121555484779944	0
At2g25300		0.3953879520100082	0
At2g04740		0.43212467672929517	0
At1g04310		0.422626471635385	0
At1g04490		0.25778271505036254	0
At2g20595		0.3256982375432711	0
At2g13560		0.4314219253023636	0
At1g60020		0.2874438224120494	0.6762092759381857
At1g60010		0.2807835974877473	0
At2g21480		0.3133309486528712	0
At2g21260		0.3361665605542801	0
At2g10090		0.402654812539138	0
At2g36835		0.3016906010562205	0
At2g04560		0.40812392437573164	0
At2g36980		0.2734215752024206	0
At2g37010		0.3480366673709667	0
At2g36550		0.31145900622751865	0
At2g35970		0.342301178941537	0
At2g42700		0.43156512322196083	0
At2g42680		0.23277296064283143	0
At2g42670		0.22305222034561434	0
At2g42830		0.030007599957193945	0
At2g22530		0.2584653420604854	0.822660497180443
At2g21050		0.33146233392785013	0
At2g03630		0.23797791751738073	0
At2g31250		0.4145680251711733	0
At1g79070		0.4265718296340454	0.6882534165742702
At1g65295		0.35428077769455874	0
At1g02260		0.056440525090019955	0
At1g54610		0.4263411399178209	0
At1g22710		0.378684464968629	0
At1g22660		0.36937287819981945	0
At1g60450		0.06639856185476563	0
At1g04090		0.28552478838891376	0
At1g04100		0.39932935155756033	0
At1g04120		0.14981610502188258	0
At1g03170		0.3658767743544423	0
At1g12090		0.42733987280465724	0
At1g12050		0.22414204514858094	0
At1g61800		0.2815338251530596	0
At3g43460		0.3889785386910985	0
At1g43220		0.23158832691997266	0
At1g43190		0.25498902205006274	0
At1g61700		0.4412713653960917	0
At1g10400		0.36964906460132646	0
At1g10230		0.31344801004035	0
At1g10310		0.19583517135480089	0
At1g77210		0.22894346184518877	0
At1g77220		0.24911960638289488	0
At1g09380		0.22923331982698747	0.7473757276266242
At1g09470		0.2943650731841045	0
At1g09480		0.4222293830385244	0
At1g09360		0.3761847131042647	0
At1g09600		0.1423499485229341	0
At1g04630		0.39524090498324455	0
At1g04540		0.28368336836774716	0
At1g04560		0.15296389477967692	0
At1g09020		0.19537927328817972	0.7160041359922882
At1g08900		0.13084500407730726	0
At1g09680		0.4199493902362015	0
At1g61450		0.43957003007204465	0
At1g22880		0.29354107529179146	0
At2g17910		0.3843356357848826	0
At2g17900		0.2907382958109037	0
At1g03530		0.33022008087315075	0
At1g03720		0.20870791053139576	0
At1g24280		0.14389538135252516	0
At1g24330		0.291636172056832	0
At1g61260		0.4084737366709646	0
At1g61270		0.26373609550210725	0
At1g61250		0.40151774047411587	0
At1g60540		0.1688837682707735	0
At1g60660		0.01861132012935727	0
At1g61160		0.1991733405520414	0
At1g61090		0.3582099589525968	0
At1g27200		0.2819236019584146	0
At1g67330		0.2368986593334872	0
At1g24510		0.35707341767022066	0
At1g24600		0.3340433549237127	0
At1g24575		0.4024878193846009	0
At1g52010		0.35258212169981057	0
At1g03980		0.38917072310064116	0
At1g62440		0.3679776651366192	0
At1g62480		0.17664099240551429	0
At1g55430		0.3888434466460273	0
At1g23830		0.38412562705560543	0
At1g51260		0.08361591021478311	0
At1g51200		0.33026442655066	0
At1g23720		0.3623891972930073	0
At1g23780		0.32810292548181985	0
At2g36660		0.4184703141067339	0
At1g05050		0.19248825441357675	0
At2g02050		0.1936150440026846	0
At2g43040		0.20551881151547036	0
At2g43030		0.3360753640235267	0
At2g22690		0.06375127853428687	0
At2g14030		0.08217391197682242	0
At2g13960		0.38685189765513905	0
At2g20210		0.394497074656579	0.9264632331044236
At2g22660		0.4068098829294791	0
At2g06500		0.447485015399999	0
At2g05810		0.4271363981604719	0
At2g18380		0.42868316441946186	0
At2g16630		0.3845682329460369	0
At2g20740		0.42588796231723797	0
At2g46620		0.2902871204127103	0
At2g37060		0.40437096679314993	0.7677420241853989
At2g15695		0.3621532466758759	0
At2g15510		0.39735120008622393	0
At2g06030		0.4157233866172735	0
At2g07630		0.3782051523507325	0
At2g14260		0.1234676603085046	0.9136909444471025
At2g20060		0.21916106585878425	0.7643515023017928
At2g25460		0.287968793217944	0
At2g27285		0.2567867952926739	0
At2g14290		0.41346565025427895	0
At2g27490		0.22226159307123183	0
At2g13840		0.4050624228654332	0
At2g13810		0.4309208414428861	0
At2g31970		0.23334873831321723	0.7709028200257846
At2g01300		0.20446951189035012	0
At2g01180		0.3530086806415519	0
At2g01350		0.40553680983689583	0
At2g06660		0.41927047229389847	0
At2g10650		0.358107256610562	0
At2g07340		0.3683118734677585	0
At2g07360		0.35183445929668444	0
At2g42390		0.3796291781717778	0
At2g42410		0.4245878836788982	0
At2g42300		0.3611202451510734	0
At2g14980		0.2822321488329389	0
At2g25590		0.34155216419957324	0
At2g18510		0.12489896549733324	0
At2g19560		0.35008075508772407	0
At2g19650		0.4132176347219393	0
At2g37460		0.0281407228559851	0
At2g05980		0.26120172556066046	0
At2g05820		0.2567180268028838	0
At2g18630		0.3897896837737066	0
At2g40670		0.4425555644081668	0
At2g38870		0.398026272500608	0
At2g27550		0.31812392353051966	0
At2g06870		0.370606048402306	0
At2g02310		0.42264634814732416	0
At2g27650		0.30139952141335213	0
At2g27600		0.36118945508833367	0
At2g29510		0.2634471054291609	0.7863814862195453
At2g27090		0.3506981635321768	0
At2g32420		0.4092171994660728	0
At2g01520		0.4264545723871225	0
At2g14590		0.10230101456261634	0
At2g14680		0.3964397769529744	0
At2g41290		0.3008865423328567	0
At2g43130		0.3427467475778237	0
At2g38790		0.40914888885093087	0.7116323015900935
At2g38670		0.4024585344908582	0
At2g38750		0.35352960775226877	0
At2g43150		0.32287468810387315	0
At2g31120		0.19666363732620284	0
At2g16950		0.38954073117164784	0
At2g46225		0.07002481085723304	0
At2g46040		0.121869816797733	0
At2g29680		0.30970326742630394	0
At2g35410		0.20376325567251413	0
At2g19720		0.39835107452880814	0
At2g19740		0.37118936597266905	0
At2g46950		0.09548234318432877	0
At2g29050		0.3647693322818923	0
At2g29070		0.28120725145889613	0
At2g28960		0.42120046601406463	0
At2g30000		0.08712196406867014	0.6875925050631446
At2g22810		0.41444800598626585	0
At2g44660		0.18613338768648013	0
At2g44820		0.37211025740593107	0
At2g44610		0.40996284825710605	0
At2g44750		0.21998803155557367	0
At2g26050		0.3740288832237655	0
At2g45960		0.3980295073998679	0
At2g39200		0.2177822667806485	0
At2g34190		0.3572995330814047	0
At2g39150		0.31451681702753553	0
At2g38460		0.235464927301677	0
At2g38390		0.3754656637917795	0
At2g38170		0.27881402048227877	0
At2g41440		0.38498877515426	0
At2g32560		0.2935334390507739	0
At2g23540		0.3493201121270777	0
At2g37720		0.18134611395009148	0
At2g44180		0.4171074921641611	0
At2g31050		0.29176071604386833	0
At2g44060		0.21496728230441192	0
At2g44070		0.2922749399580011	0
At2g44100		0.08422560622501961	0
At2g44040		0.40814062770859555	0
At2g02660		0.3295120767870665	0
At2g23720		0.37401673227834376	0
At2g23780		0.3984842778371312	0
At2g30110		0.32796612021952665	0
At2g30080		0.3200929224969457	0
At2g34670		0.3785658622308329	0
At2g44310		0.38272234930546534	0
At2g44210		0.3540300300061285	0
At2g26290		0.40969909595029386	0
At2g35010		0.2604179552757625	0
At2g34860		0.33133403335173983	0.7748665700456334
At2g26350		0.21699066099549635	0.993421756143225
At2g33800		0.1326256063135066	0
At2g33840		0.32573819184234387	0
At2g19170		0.408147015124724	0
At2g02700		0.40509309639180535	0.6214501528145833
At2g02780		0.02003145609444938	0
At2g45510		0.40613376628991654	0
At2g45540		0.3866632287981894	0
At2g45700		0.41772126754279415	0
At2g30510		0.4135499323718377	0
At2g30610		0.42454275670332897	0
At2g32790		0.29770698479963886	0
At2g42060		0.3912778287245348	0
At2g39705		0.4169239281488105	0
At2g33020		0.37882571913705654	0
At2g32980		0.35491619190919	0
At2g26690		0.4292248126202286	0
AFFX-Athal-Ubq_5_f_at		0.11792845537193875	0
nad4L		0	0.7055831137373543
orf119		0	0.7083348039227246
orf153a		0	0.7992403244728427
orf167		0	0.570912490477322
nad6		0	0.6978702141747998
psbF		0	0.9428160286421393
clpP		0	0.6606671124305388
rps19		0	0.9431040515352834
psbM		0	0.8057315303637946
ndhC		0	0.9269875743127096
psbL		0	0.9764130156252397
At2g26630		0	0.9089993882189982
At2g26420		0	0.8187483550068242
At2g26590		0	0.8125699511064467
matK		0	0.8149860891040541
At2g26460		0	0.752174592699169
At2g23280		0	0.6708603218557221
At2g39830		0	0.6746265208633089
At2g41550		0	0.6613557674709847
At2g41620		0	0.7664631898164632
At2g45400		0	0.6781497000627519
At2g45450		0	0.7685697067934709
At2g33100		0	0.6927181305099634
At2g47570		0	0.6048966469426333
At1g67710		0	0.7637805365176424
At1g67820		0	0.6075025418016635
At1g67700		0	0.7344830199530519
At1g67855		0	0.5687699376305715
At3g30140		0	0.744296704230098
At4g14400		0	0.6218022263190577
At4g14320		0	0.7778366624670225
At4g16850		0	0.7521879050484647
At4g14465		0	0.7671819492798835
At4g15800		0	0.7003168303309268
At4g17390		0	0.7843953451615151
At4g15900		0	0.8811423891219782
At4g17790		0	0.8969638902816781
At4g17620		0	0.7179273728849189
At4g17300		0	0.8383282982031146
At4g17310		0	0.8390302733286377
At4g17350		0	0.9283657410468968
At4g17080		0	0.7899619268912941
At4g16990		0	0.6316420922084034
At4g15980		0	0.7532613635180294
At4g16250		0	0.8359171741718017
At4g16440		0	0.8175879187452613
At4g16480		0	0.6782556075583246
At4g15660		0	0.5887802910185933
At4g15570		0	0.7435512860249757
At4g15130		0	0.730118953964306
At4g15230		0	0.7773322870868853
At4g14810		0	0.656999298918737
At4g14940		0	0.7279629023557755
At4g14190		0	0.91596791921739
At4g14480		0	0.9558841288739202
At1g25320		0	0.6787233148146095
At1g24764		0	0.7998562336148214
At1g28220		0	0.7467721511234691
At1g28210		0	0.7811637357350922
At1g56610		0	0.7903125095477862
At1g56590		0	0.839202889337023
At5g04160		0	0.773236625546426
At5g04220		0	0.7531695327778994
At5g33390		0	0.6478171545779527
At1g73370		0	0.8039813049426028
At1g73360		0	0.7654767807699843
At1g44120		0	0.6819854861793431
At1g32090		0	0.6979909368769075
At1g49910		0	0.887974896137131
At1g26320		0	0.6489706006343805
At1g57906		0	0.7746657176467318
At1g57830		0	0.7267463046432605
At1g58380		0	0.8392840422744314
At1g26180		0	0.7645091217336899
At5g28290		0	0.7539579483999368
At1g58050		0	0.7612215308312739
At1g26330		0	0.7282664523922898
At5g09390		0	0.782081180927783
At5g09270		0	0.6593873825658444
At5g11080		0	0.6707267023457464
At5g19690		0	0.8420645944868874
At5g19600		0	0.8409619691554566
At5g19680		0	0.8704487351952429
At5g19500		0	0.7427755022367568
At5g19670		0	0.7524530953017626
At5g13100		0	0.7943738212802955
At5g20610		0	0.8744423921984228
At5g20630		0	0.7039740834703074
At5g21120		0	0.842091398392156
At5g21160		0	0.7784004308380479
At5g19430		0	0.8271187904925066
At5g20240		0	0.737680615586771
At5g20560		0	0.6339062777946483
At5g20600		0	0.7241967401010132
At5g20570		0	0.7171877704206816
At5g32570		0	0.5512080535596607
At5g20200		0	0.8029725961281604
At5g20060		0	0.8523983767833185
At5g19870		0	0.816631392883437
At5g19920		0	0.7124423455320892
At5g20050		0	0.6485032462887728
At5g20010		0	0.8482438963207148
At5g20980		0	0.8278721103503222
At4g36490		0	0.7116746435935539
At4g36930		0	0.7434442757751663
At4g36910		0	0.8241266222830694
At4g36390		0	0.803838724394162
At4g36770		0	0.5717916968507968
At4g36690		0	0.7950327362893581
At3g56910		0	0.9295138547898136
At3g51800		0	0.7695592858787961
At3g51790		0	0.7304496571210606
At3g56900		0	0.8346222743531385
At1g16690		0	0.8011364907639784
At1g16590		0	0.8402501744004022
At3g56810		0	0.8589269050566669
At1g40550		0	0.5626676842856564
At1g51910		0	0.6840261446063065
At1g57670		0	0.7294417547723737
At1g77340		0	0.5755735562533656
At5g17400		0	0.7993256326272034
At5g16900		0	0.6828423019140666
At5g16070		0	0.7770299477384952
At5g16040		0	0.6751738662624518
At5g15770		0	0.7584288724814519
At5g15780		0	0.5868844863868395
At5g15890		0	0.5851598802804817
At5g15940		0	0.8693135684428457
At5g15610		0	0.771539352040983
At5g14800		0	0.7034865311260171
At5g14900		0	0.6021978841701987
At5g35330		0	0.9151903564383614
At5g35170		0	0.6701963294055973
At5g34830		0	0.648265566344981
At5g34460		0	0.6427954421110995
At5g28150		0	0.9827731270628408
At5g27900		0	0.7872849033001624
At5g27460		0	0.7322285434037366
At5g27450		0	0.8530502301238007
At5g27470		0	0.809193041185333
At5g27320		0	0.7684480507704259
At5g26940		0	0.726570132182214
At5g25630		0	0.7856704961959247
At5g25380		0	0.6621367242679357
At5g24830		0	0.7665214958432226
At5g67200		0	0.6633588285195362
At5g67570		0	0.6755989766288693
At5g67510		0	0.7497030463981269
At5g67000		0	0.6219549981904902
At5g67270		0	0.749896785957417
At5g67220		0	0.7419984074213113
At5g66940		0	0.8005970647396179
At5g66920		0	0.660074328452686
At5g66815		0	0.5810597872095757
At5g66000		0	0.7259649318963818
At5g66290		0	0.7405547676433528
At5g66470		0	0.6955496928316779
At5g65830		0	0.8019703538314078
At5g65660		0	0.9143631139616795
At5g65710		0	0.7536783476628272
At5g65820		0	0.6733499197519972
At5g65050		0	0.6133443065186928
At5g64840		0	0.8158527680438163
At5g64940		0	0.7208749831463226
At5g64580		0	0.7437760667086446
At5g64660		0	0.6392994682159794
At5g64720		0	0.5664777220110303
At5g64740		0	0.6853257225109058
At5g64300		0	0.7392138001617963
At5g64360		0	0.7020913218203935
At5g64290		0	0.8854344229229679
At5g64450		0	0.7594232857763702
At5g63940		0	0.7539544567468625
At5g63660		0	0.6487441428010772
At5g63740		0	0.6856110291161617
At5g63810		0	0.7568484085515943
At5g63650		0	0.739540592838994
At5g63620		0	0.8695456323375181
At5g63670		0	0.7853077666229864
At5g63310		0	0.9028762670917316
At5g63410		0	0.6875550383815373
At5g63520		0	0.8076476451175418
At5g62920		0	0.6241578366761056
At5g63100		0	0.7334682341519656
At5g62290		0	0.739563288347896
At5g62410		0	0.8847874818562768
At5g61790		0	0.8077654543536642
At5g61840		0	0.9467544158130408
At5g61980		0	0.8746521351001245
At5g61960		0	0.7581629692551219
At5g61420		0	0.7041255793493848
At5g61140		0	0.8701381256501669
At5g60840		0	0.7296008304829078
At5g60880		0	0.6905269222616452
At5g60940		0	0.7234611776115171
At5g60310		0	0.7101452399724097
At5g60340		0	0.7725683850481148
At5g60400		0	0.7475656116651147
At5g60460		0	0.6899390890945571
At5g60540		0	0.7363444550135241
At5g59850		0	0.8538669349809134
At5g60040		0	0.6817657323759334
At5g59940		0	0.7617303389505903
At5g59830		0	0.7265251257060165
At5g59460		0	0.8230822388758232
At5g59250		0	0.8382184302223268
At5g59340		0	0.7342901692850754
At5g59350		0	0.799936720975204
At5g59440		0	0.7928164854390296
At5g59120		0	0.635540283818387
At5g58590		0	0.719494558243841
At5g58787		0	0.8435948050350345
At5g58450		0	0.8576034202134459
At5g58530		0	0.7339776369014375
At5g58040		0	0.7725863111912948
At5g58090		0	0.6917569315826938
At5g57740		0	0.8103074685285458
At5g57770		0	0.6356700038814675
At5g57780		0	0.8081480410233264
At5g57980		0	0.7673316722969553
At5g57290		0	0.7660591298853103
At5g57400		0	0.5538866107935291
At5g56590		0	0.9616585051092061
At5g56240		0	0.769531831819871
At5g56310		0	0.5847162725444044
At5g55710		0	0.8019469833274839
At5g55620		0	0.6211698973761774
At5g55930		0	0.6764550048012206
At5g55980		0	0.6937276906622432
At5g56020		0	0.8756834983509554
At5g56080		0	0.6237601268283983
At5g55470		0	0.719332602285909
At5g55060		0	0.8247121363789786
At5g55220		0	0.7666610776146578
At5g55200		0	0.6447235100356187
At5g55280		0	0.7178894510674084
At5g55330		0	0.6817993448632241
At5g54740		0	0.7034506764963057
At5g54790		0	0.6874873988295915
At5g54270		0	0.874394337266494
At5g54200		0	0.7962699334656367
At5g53990		0	0.5469533111164847
At5g54020		0	0.6320031097339411
At5g53660		0	0.7892355553628849
At5g53620		0	0.7269943466345183
At5g53740		0	0.8076014584669413
At5g53840		0	0.6744295685396575
At5g53480		0	0.8237854615387377
At5g52560		0	0.8155118600048405
At5g52620		0	0.546906723262957
At5g52420		0	0.7146434200310618
At5g52440		0	0.7538892790236593
At5g52520		0	0.8382655677916732
At5g52330		0	0.5604578755244538
At5g52040		0	0.6514221262252298
At5g51880		0	0.8498565330733386
At5g52010		0	0.6461975874093204
At5g51180		0	0.8532879272649264
At5g51130		0	0.8005746329092562
At5g50970		0	0.6903636956934274
At5g50990		0	0.671938473849006
At5g51060		0	0.6920344037333526
At5g50480		0	0.7252413402190867
At5g50315		0	0.8038483079534025
At5g50540		0	0.6421853558644326
At5g50550		0	0.8519953226773351
At5g50730		0	0.5962478603507564
At5g50020		0	0.8470098353769455
At5g50270		0	0.7816200858812636
At5g50300		0	0.720170072050035
At5g50250		0	0.7537101689888196
At5g49970		0	0.7842005104820491
At5g49700		0	0.7705436079161082
At5g49800		0	0.709589120537873
At5g49840		0	0.8488370106442711
At5g49820		0	0.8354536534115569
At5g48990		0	0.7459390336764404
At5g49020		0	0.6654877507859656
At5g49030		0	0.772608539951553
At5g49070		0	0.7053136269181062
At5g49250		0	0.6389365878191573
At5g49260		0	0.6700261092184694
At5g48740		0	0.7812419579430813
At5g48870		0	0.7031045774916143
At5g48830		0	0.8301201736657642
At5g48080		0	0.7362556826033941
At5g47760		0	0.8526903323403102
At5g47400		0	0.9968723406754868
At5g47390		0	0.8352182026890509
At5g47435		0	0.8982519292396814
At5g47470		0	0.7206235586155549
At5g47110		0	0.7888664726937853
At5g46490		0	0.5787843884708448
At5g46450		0	0.6714813963588995
At5g46460		0	0.7121879710606436
At5g46140		0	0.7660619564385996
At5g46030		0	0.7884856346122071
At5g46150		0	0.7394664884001054
At5g46390		0	0.7278238636545413
At5g46400		0	0.8033231654532484
At5g45960		0	0.5674287552241317
At5g46010		0	0.6542147764295816
At5g46040		0	0.7156629519735189
At5g45540		0	0.7568590718647661
At5g45680		0	0.6800899548392995
At5g45180		0	0.6110270397839872
At5g45270		0	0.7734245730662277
At5g45320		0	0.7929755693022746
At5g44750		0	0.811161753912744
At5g44760		0	0.5976395154835243
At5g44780		0	0.7291888379169075
At5g44740		0	0.7456209933736984
At5g44510		0	0.8147886066112733
At5g43920		0	0.7520607966796674
At5g44020		0	0.5991000800848312
At5g43770		0	0.6323772125442072
At5g43500		0	0.8908311645247456
At5g43220		0	0.6651970431027404
At5g42920		0	0.951353484854651
At5g43060		0	0.7002302615092822
At5g42630		0	0.6892975920834761
At5g42690		0	0.7731503032273579
At5g42280		0	0.6976078986340952
At5g42060		0	0.6666856673142705
At5g41720		0	0.716021917241981
At5g41770		0	0.6958652101625291
At5g41860		0	0.5824830217129084
At5g41760		0	0.7837864950857965
At5g41960		0	0.924330190111308
At5g41250		0	0.6552269895847731
At5g41050		0	0.6897142857210137
At5g41060		0	0.7485806387561522
At5g41310		0	0.5899248795434772
At5g41380		0	0.5814416313340547
At5g40890		0	0.8282274136489898
At5g40970		0	0.826312452350288
At5g40490		0	0.7690246978463197
At5g40460		0	0.6755285230725656
At5g40130		0	0.6102123886299886
At5g40180		0	0.6384514365808169
At5g39660		0	0.7252733630624435
At5g39800		0	0.7811621334768231
At5g39900		0	0.7167838448632955
At5g39490		0	0.7147605851471472
At5g39740		0	0.8223939858971248
At5g39220		0	0.6969395772170603
At5g39250		0	0.8199660572231496
At5g38470		0	0.9210883679467508
At5g38790		0	0.574449516959555
At5g38830		0	0.9123333603416538
At5g37910		0	0.6515768428598275
At5g37230		0	0.7555622015094692
At5g37440		0	0.6413849847838042
At5g37180		0	0.6679264253389869
At5g37040		0	0.7672218165867902
At5g35910		0	0.6668578523882889
At5g35980		0	0.834789799409797
At5g35990		0	0.8806390704259613
At5g35640		0	0.7405793627286328
At5g35430		0	0.8368248626969744
At5g24360		0	0.8596414205819961
At5g24460		0	0.8004605732227511
At5g24650		0	0.864346999942833
At5g24350		0	0.8918316131798145
At5g23740		0	0.8380360921471386
At5g23770		0	0.7864337013540752
At5g23870		0	0.6708985896844759
At5g23290		0	0.7917636550542708
At5g23260		0	0.8169842013140662
At5g22830		0	0.8043336835822794
At5g23050		0	0.6332792727031413
At5g23130		0	0.6798803546567473
At5g23090		0	0.7398747291327405
At5g22450		0	0.8193222027634801
At5g18400		0	0.6816675132476194
At5g18750		0	0.6731874291548443
At5g18430		0	0.7596107506357909
At5g17660		0	0.7767374980930934
At5g16650		0	0.8308639351029371
At5g17250		0	0.8594096299355325
At5g16610		0	0.8304109553277305
At5g16340		0	0.7004945681832793
At5g16480		0	0.7743275979377053
At5g16540		0	0.6722732810839895
At5g14570		0	0.8152342360367432
At5g15200		0	0.847308533617705
At5g14260		0	0.8252460105523702
At5g14510		0	0.8250540897313428
At5g14310		0	0.7801473721106011
At5g14230		0	0.5767567331519927
At5g14020		0	0.9039321509997992
At5g13890		0	0.7992796498864285
At5g13780		0	0.7825303744957806
At5g13460		0	0.8474850701764536
At5g13760		0	0.7813087891730623
At5g12940		0	0.6605890910631549
At5g12860		0	0.9396242268079443
At5g13280		0	0.8944874910782855
At5g13390		0	0.7951210304140605
At5g12100		0	0.7560866951550238
At5g11690		0	0.7782789849299243
At5g11790		0	0.7198725919595312
At5g11640		0	0.9879058862075101
At5g11390		0	0.7785948873924305
At5g11280		0	0.7212989799113665
At5g10950		0	0.677540745900665
At5g11010		0	0.7676864231261475
At5g10460		0	0.7677351150566901
At5g10350		0	0.9844688622212693
At5g10450		0	0.8784000380426416
At5g10360		0	0.8521705483196652
At5g10490		0	0.8125622721467174
At5g10560		0	0.7854375024466043
At5g10770		0	0.6610232175173785
At5g10620		0	0.7225036843206722
At5g09880		0	0.7528303850430196
At5g10010		0	0.70346850515398
At5g10140		0	0.664115268256743
At5g10260		0	0.7097305568764767
At5g10320		0	0.8308831485746699
At5g09730		0	0.5419976833681759
At5g08500		0	0.7925483536810869
At5g08550		0	0.8696268038894635
At5g08630		0	0.694292528853565
At5g08540		0	0.8106054339036727
At5g08070		0	0.7292608932480384
At5g08240		0	0.712239759195106
At5g07770		0	0.8148936658704029
At5g07820		0	0.7204639340560322
At5g07340		0	0.7681614869065483
At5g07360		0	0.8236317481115234
At5g07400		0	0.6807851056383516
At5g07020		0	0.6850779528508246
At5g06910		0	0.8757950313466516
At5g06560		0	0.7958324207107415
At5g06160		0	0.7991715809538551
At5g06250		0	0.625502980933714
At5g06410		0	0.8489711080433013
At5g06460		0	0.7467227236795304
At5g06500		0	0.7907815323707186
At5g06480		0	0.8394807372230706
At5g06420		0	0.7950509740141583
At5g05740		0	0.7446813487819987
At5g05710		0	0.7473062030521658
At5g05980		0	0.9078724360358488
At5g06050		0	0.7131826013625988
At5g05680		0	0.765303055830733
At5g05520		0	0.7852799513792501
At5g04960		0	0.620352534245435
At5g05130		0	0.7405482353214197
At5g05000		0	0.793375104571354
At5g05100		0	0.8734394090759116
At5g04560		0	0.6808799579263825
At5g04620		0	0.776182659114292
At5g04590		0	0.871132376421341
At5g03905		0	0.7281321004171255
At5g04040		0	0.9064688398839936
At5g04060		0	0.7567118484895226
At5g04070		0	0.8661023717164639
At5g03940		0	0.80993657968835
At5g04440		0	0.7215020948383841
At5g04530		0	0.6391556547167291
At5g03800		0	0.7960932911546452
At5g03850		0	0.7581898030922314
At5g03650		0	0.7205185382409165
At5g03630		0	0.8265692316562112
At5g03370		0	0.7578530436504982
At5g03170		0	0.7891575929808587
At5g03240		0	0.8281884334375393
At5g03400		0	0.6573847350098707
At5g02870		0	0.8808062578667644
At5g02850		0	0.8210945227793027
At5g02540		0	0.6487340227051821
At5g02450		0	0.9003639727109152
At5g02120		0	0.6840742900494312
At5g02160		0	0.6410403082230263
At5g01840		0	0.7025810148760634
At5g01910		0	0.8396966312381211
At5g01980		0	0.7483324145653275
At5g01350		0	0.5817526875911986
At5g01730		0	0.7453345033582369
At3g63480		0	0.6199324645703097
At3g63350		0	0.6220877226444748
At3g63270		0	0.8147130239293184
At3g63250		0	0.868296455974468
At3g63400		0	0.8662824846311376
At3g62840		0	0.8936354640932606
At3g62790		0	0.6976145017839783
At3g62720		0	0.7060601028084368
At3g63100		0	0.7915632855491685
At3g63090		0	0.6990072280319973
At3g62810		0	0.719832249273086
At3g62470		0	0.7304225694334477
At3g62500		0	0.737476441689995
At3g62400		0	0.7815135541404123
At3g62430		0	0.7300012975728667
At3g61860		0	0.7864852107981787
At3g62180		0	0.5610205557864452
At3g62120		0	0.835457159875028
At3g62310		0	0.7023693860033806
At3g62350		0	0.805956075843707
At3g61850		0	0.8369831820631644
At3g61260		0	0.8863024959647814
At3g61130		0	0.8786657084027778
At3g61120		0	0.774803861697465
At3g61530		0	0.8183134235482199
At3g61050		0	0.8363934615622601
At3g61110		0	0.8128052942580657
At3g61160		0	0.8624244338517235
At3g61380		0	0.7171414943663363
At3g60880		0	0.6679687927006794
At3g60300		0	0.8005620937621549
At3g60260		0	0.932424170860048
At3g60280		0	0.7070160737727937
At3g60220		0	0.6707447627812229
At3g60210		0	0.7617923256376291
At3g60240		0	0.7319717125103793
At3g59990		0	0.7863521417560034
At3g59470		0	0.6812220470302472
At3g59530		0	0.6566849016904264
At3g59610		0	0.6607660944515419
At3g59690		0	0.7338441161859526
At3g59550		0	0.7962644782104835
At3g58610		0	0.881613099190442
At3g58470		0	0.7432427720867101
At3g58760		0	0.8687020202054744
At3g58860		0	0.7196560552471424
At3g58160		0	0.7401563342505033
At3g58330		0	0.7377257131581931
At3g58140		0	0.8431104888768983
At3g58350		0	0.6864633734294994
At3g57830		0	0.887747032066556
At3g57960		0	0.7971459275808824
At3g57290		0	0.7799959692990253
At3g57420		0	0.8355861130326168
At3g57560		0	0.836553224651541
At3g57160		0	0.7949029458084511
At3g57080		0	0.7476485769031054
At3g57300		0	0.9203187293414263
At3g56500		0	0.6205622401519058
At3g56640		0	0.8636570194738409
At3g56380		0	0.567617998385447
At3g56140		0	0.8314768670635768
At3g56160		0	0.8335598753806612
At3g55390		0	0.8011820649793604
At3g55000		0	0.872208439502456
At3g54900		0	0.7311270737132168
At3g55040		0	0.738172274339082
At3g54980		0	0.6784568880603912
At3g54870		0	0.7198331062719641
At3g54930		0	0.8518039014854298
At3g54130		0	0.7603434682925225
At3g53940		0	0.7220736527035752
At3g53920		0	0.7831262698010877
At3g53440		0	0.7127134870900598
At3g53500		0	0.8455186243214806
At3g53660		0	0.762847001142906
At3g53380		0	0.6036909459985291
At3g53250		0	0.5569025136204324
At3g53210		0	0.8716521653421783
At3g53220		0	0.7993173382539009
At3g53310		0	0.6560836404109283
At3g52960		0	0.8446803043405109
At3g52840		0	0.7009848276377411
At3g53020		0	0.8819146629756023
At3g52950		0	0.7333996825008819
At3g52660		0	0.733528360413745
At3g52420		0	0.6585363961377277
At3g52490		0	0.8600519900789638
At3g51640		0	0.8121334772842659
At3g51390		0	0.8107735962139186
At3g51500		0	0.8119639667612721
At3g51260		0	0.7315618025822167
At3g51140		0	0.8325490666461044
At3g51010		0	0.7922385056508969
At3g50530		0	0.905291118925174
At3g50700		0	0.7562798673227924
At3g50110		0	0.7988232397002004
At3g50160		0	0.5571996455977182
At3g49950		0	0.6321581469942976
At3g50080		0	0.7855440433957663
At3g49630		0	0.7559916783721049
At3g49260		0	0.6267298009184469
At3g49070		0	0.9049631399159158
At3g49000		0	0.8438620648222385
At3g48930		0	0.8309951276385034
At3g48710		0	0.6742220379261287
At3g48880		0	0.896534657430496
At3g48150		0	0.9807363788450265
At3g48070		0	0.9836099518995614
At3g47930		0	0.8146855910234436
At3g47890		0	0.7002140357096174
At3g47400		0	0.7737689429519521
At3g46820		0	0.7025202008858675
At3g46580		0	0.7390967955589034
At3g46630		0	0.782763130746897
At3g46380		0	0.6170392320576887
At3g46520		0	0.569527690651738
At3g45740		0	0.7617250557725558
At3g45750		0	0.8939814512614072
At3g45850		0	0.7910593128824259
At3g45050		0	0.7191396648661472
At3g45220		0	0.6494217022238409
At3g44620		0	0.780116274715821
At3g44630		0	0.6496520849520819
At3g44680		0	0.7559220519164824
At3g44760		0	0.6759401847398245
At3g44110		0	0.8165411503045733
At3g43660		0	0.5799447891028053
At3g43540		0	0.7658864805371601
At3g43280		0	0.764583389391839
At3g43510		0	0.7567052449084071
At3g43040		0	0.5376785202879925
At3g42500		0	0.6307203434207871
At4g40000		0	0.7053058825216698
At4g39970		0	0.9445674617937592
At4g39350		0	0.6940719505312187
At4g39570		0	0.7653191738706409
At4g38950		0	0.8040211161372548
At4g38940		0	0.7592222965962516
At4g39180		0	0.5590387749582719
At4g38660		0	0.7394876999690589
At4g38520		0	0.8036809921593803
At4g38090		0	0.8159174206550912
At4g38080		0	0.6065075809562376
At4g38220		0	0.7658813319711358
At4g37445		0	0.78623926102849
At4g37400		0	0.6297279639290747
At4g35870		0	0.8916042589404496
At4g35905		0	0.9075907501139421
At4g36050		0	0.6798883251875716
At4g36060		0	0.6774917371723868
At4g35530		0	0.9262277892591233
At4g35730		0	0.7832197732720672
At4g35760		0	0.7494074128455459
At4g35240		0	0.7677273125768967
At4g35330		0	0.7070248024080186
At4g35340		0	0.8142414628289576
At4g35000		0	0.9197428770201678
At4g34700		0	0.8328731402499056
At4g34340		0	0.8944838553686616
At4g34410		0	0.5489130405293411
At4g34250		0	0.6708112761483942
At4g34310		0	0.8199260419581884
At4g33865		0	0.7828108040906836
At4g33800		0	0.7849662283073331
At4g33680		0	0.7805550032640582
At4g33630		0	0.7598887104822976
At4g33510		0	0.8944054559489452
At4g33200		0	0.7961591249363537
At4g33210		0	0.8950350298540541
At4g33240		0	0.6551316491294572
At4g33140		0	0.8756673047300375
At4g33010		0	0.741815012363046
At4g32920		0	0.7243554236424341
At4g32450		0	0.8524003709493906
At4g32460		0	0.6644139686655095
At4g32540		0	0.7431278069217115
At4g32630		0	0.70167610434357
At4g32695		0	0.736744941606142
At4g32080		0	0.6301010089922165
At4g32290		0	0.8069791519389585
At4g32320		0	0.7855494671526848
At4g31985		0	0.6809070752810165
At4g31910		0	0.7748987343241782
At4g31720		0	0.7792824085554995
At4g31700		0	0.8172293843877285
At4g31830		0	0.5577631866891238
At4g32010		0	0.8715180158382884
At4g31760		0	0.5898821611485604
At4g31420		0	0.9527424986274609
At4g31590		0	0.790650507441008
At4g31580		0	0.7587197858664552
At4g31460		0	0.808342953054973
At4g31180		0	0.8157942510320888
At4g31020		0	0.7674073729936547
At4g30770		0	0.7039790993060681
At4g30760		0	0.7778247073070326
At4g30750		0	0.7270285005923995
At4g30330		0	0.7663683413592366
At4g30310		0	0.8181084137997083
At4g30420		0	0.6870566829143878
At4g30440		0	0.743717601314063
At4g30590		0	0.6844714036973808
At4g29980		0	0.6244108356498224
At4g29830		0	0.7318754133776137
At4g29710		0	0.5663356481509125
At4g29750		0	0.8434007155938903
At4g29520		0	0.6760326304704399
At4g29720		0	0.6671384118624231
At4g29200		0	0.8585032442462248
At4g28890		0	0.6278099336578258
At4g28940		0	0.7576787120918849
At4g28990		0	0.9095387774267442
At4g29020		0	0.8539463383503276
At4g28980		0	0.7831684434820908
At4g28360		0	0.8799090914092793
At4g28260		0	0.781651022557391
At4g28300		0	0.8348855272457524
At4g28290		0	0.6890380471800983
At4g28030		0	0.759055539181595
At4g27800		0	0.7518341535765036
At4g27910		0	0.8019290077258918
At4g27930		0	0.6821333734518062
At4g27420		0	0.7432050954869984
At4g27540		0	0.8673562814739033
At4g27710		0	0.7104934256658899
At4g27730		0	0.5750482350477312
At4g27090		0	0.8274604300925017
At4g27300		0	0.6505949575323825
At4g26650		0	0.9796524437046492
At4g26830		0	0.6500259708565584
At4g26840		0	0.7469708142229823
At4g26970		0	0.8276182461876658
At4g27000		0	0.8733132700714573
At4g26620		0	0.9309351876760611
At4g26190		0	0.6760420551236936
At4g25870		0	0.6810834383525022
At4g25840		0	0.8585488702477777
At4g25450		0	0.7453409988486994
At4g25160		0	0.6505658523461395
At4g25020		0	0.6537816418809259
At4g25040		0	0.549790719079539
At4g24970		0	0.7404222760643271
At4g24790		0	0.8843571888906551
At4g24640		0	0.6852622540642015
At4g24500		0	0.9794006465086065
At4g23950		0	0.8443618040191547
At4g23250		0	0.6795565080152102
At4g23300		0	0.6978515212786593
At4g23350		0	0.7633436557109672
At4g23090		0	0.6366217461797616
At4g22830		0	0.78226486916266
At4g22410		0	0.8211958424587447
At4g22560		0	0.7007129090496955
At4g22100		0	0.7662575437429306
At4g22070		0	0.6918659690332671
At4g22250		0	0.6249559965643878
At4g21760		0	0.6968266490742678
At4g21810		0	0.7608009104096937
At4g21490		0	0.6818801841682671
At4g20980		0	0.7460899183843364
At4g21230		0	0.7004522735302035
At4g20420		0	0.7230875473724983
At4g20390		0	0.592880222166952
At4g20440		0	0.7079081468718802
At4g19530		0	0.6192066029752445
At4g19220		0	0.7741883544768744
At4g19160		0	0.6568966971214212
At4g19420		0	0.6020925383867668
At4g19150		0	0.6975858170814806
At4g18730		0	0.8371282682184733
At4g18480		0	0.8590167986458073
At4g18640		0	0.8433366693939723
At4g18180		0	0.712166443262638
At4g18040		0	0.9124501330183642
At4g18330		0	0.8168697799717836
At4g13710		0	0.7279018379653931
At4g17960		0	0.7872330465760918
At4g18020		0	0.7973430516979202
At4g13610		0	0.7350345794444841
At4g13650		0	0.7255438391233169
At4g13740		0	0.7171320704018539
At4g13820		0	0.6405681366162839
At4g13140		0	0.7322682762949553
At4g13260		0	0.819009063028695
At4g12770		0	0.6961126206924374
At4g13000		0	0.7559867487354243
At4g13030		0	0.7271072074108114
At4g12340		0	0.8836820962221005
At4g12550		0	0.6461678533759194
At4g11970		0	0.8621017248610918
At4g12060		0	0.7552051505383374
At4g12220		0	0.6411055402152142
At4g11660		0	0.8197481656767481
At4g11670		0	0.8014313369453551
At4g11690		0	0.6761125706751049
At4g10750		0	0.779437540644435
At4g10890		0	0.808536339885012
At4g10810		0	0.8913547147685266
At4g10840		0	0.8218167908074865
At4g10460		0	0.7245159712085001
At4g10690		0	0.7050723933125018
At4g09830		0	0.8091224056172237
At4g09970		0	0.7691721536652272
At4g09550		0	0.7150652397059591
At4g09630		0	0.8204110216135944
At4g09680		0	0.9439592236140505
At4g08920		0	0.7371387361511088
At4g09140		0	0.7321708721537246
At4g09330		0	0.9174467157665678
At4g08620		0	0.6685615183664424
At4g08800		0	0.6169731724264298
At4g08890		0	0.660865836962163
At4g08530		0	0.7065484594883213
At4g08220		0	0.8504045089752094
At4g07790		0	0.6410637611851846
At4g07810		0	0.7314596731072631
At4g08050		0	0.5913997779234959
At4g05060		0	0.8137937952737974
At4g05240		0	0.5916137163684101
At4g05280		0	0.5646317539634973
At4g04890		0	0.7088350760172615
At4g04610		0	0.631063393608031
At4g04660		0	0.7437337848301107
At4g04230		0	0.6540299232993478
At4g04480		0	0.6219196308797442
At4g03790		0	0.7230614031359662
At4g03430		0	0.7997463945820483
At4g03100		0	0.7121635536723228
At4g03110		0	0.7933311752617302
At4g03270		0	0.6674419398189617
At4g02560		0	0.7617188781353198
At4g02810		0	0.7813743342540223
At4g03000		0	0.7148742987088726
At4g02485		0	0.744440887162816
At4g02210		0	0.7698050883269133
At4g02020		0	0.8459695531002245
At4g02290		0	0.7282675588556149
At4g02260		0	0.7890630653929037
At4g02180		0	0.6359105496217375
At4g01800		0	0.8022704825226565
At4g01820		0	0.5737204556201974
At4g02070		0	0.6891188436724627
At4g01026		0	0.7763476064632633
At4g00720		0	0.8005822646551957
At4g00480		0	0.7229828882614806
At4g00020		0	0.8714430003743037
At4g00040		0	0.6557223424605874
At4g00100		0	0.89065341506218
At4g00180		0	0.7063463795891315
At4g00350		0	0.5970623903452603
At1g32060		0	0.8186954701396085
At1g25460		0	0.823786304381753
At1g16720		0	0.7383415414185532
At1g16740		0	0.7938085120551459
At1g18540		0	0.8743778755943872
At1g19920		0	0.8958904410379614
At2g33290		0	0.755236202144002
At2g33570		0	0.6810536054852474
At2g33340		0	0.8861875237309687
At2g33410		0	0.9509256855901493
At2g33540		0	0.7378734434237166
At1g66970		0	0.7498772850311479
At2g30380		0	0.6935338000308915
At2g30270		0	0.839107237861648
At1g66980		0	0.8474553148744379
At1g20380		0	0.8331497173866806
At1g22080		0	0.6247754441057756
At3g32350		0	0.5826803457535843
At1g34010		0	0.7571601171784843
At5g35050		0	0.6540662162066426
At1g29790		0	0.8438989393941885
At1g29880		0	0.7852452989394532
At1g19240		0	0.6884556835630639
At1g58340		0	0.8027981897899178
At1g19160		0	0.7557639142418909
At1g06970		0	0.5845425000534524
At1g07240		0	0.6700500893878727
At1g18080		0	0.7694233620622513
At1g20720		0	0.7788865077552671
At1g20816		0	0.7834134184404296
At1g18170		0	0.822938982242448
At1g51730		0	0.8119266251187114
At3g11250		0	0.7085328886470574
At3g11240		0	0.7082224018336722
At3g12210		0	0.829976525039726
At1g76880		0	0.7423838902053321
At1g72050		0	0.7240408802620665
At1g55030		0	0.7438104601783244
At1g54923		0	0.5759805348976099
At1g66530		0	0.9047203035775102
At1g66750		0	0.8061097794230967
At3g06110		0	0.8253613985124985
At3g06100		0	0.8190331170671479
At3g06200		0	0.7290331913520258
At1g66620		0	0.6871894508495557
At1g33540		0	0.7207176930072012
At3g11040		0	0.7905377857926741
At1g75240		0	0.6704595321402143
At1g42650		0	0.828086546066219
At1g31600		0	0.844037409734187
At1g33360		0	0.8154328214362737
At1g33390		0	0.6584371656566734
At1g66130		0	0.7679678058742172
At1g66170		0	0.8067892296042254
At1g42480		0	0.8288383725228072
At3g31415		0	0.6287100179451148
At3g29780		0	0.5959507387939362
At3g19540		0	0.7069519611000339
At3g14760		0	0.6683414492066889
At3g32930		0	0.8225177101857
At3g28920		0	0.6664993935055261
At3g28340		0	0.6316641489194046
At3g32260		0	0.6676184529683915
At3g18890		0	0.7488330884024672
At3g12040		0	0.7759577329313672
At3g30380		0	0.6825273464433604
At3g30320		0	0.6139968812372419
At3g30350		0	0.6422245501020107
At2g34150		0	0.78896066127747
At2g34040		0	0.7923478057289152
At3g29375		0	0.7097018005907396
At3g29180		0	0.8498521008747268
At3g25670		0	0.6048857663751439
At3g13682		0	0.7350743543464617
At3g20930		0	0.7216172403297929
At3g22870		0	0.7026484819262664
At3g27930		0	0.6922660013596171
At3g15180		0	0.8002498252369077
At3g15110		0	0.6960644866549441
At3g26300		0	0.6889054103881396
At3g26330		0	0.6373928178683047
At3g26420		0	0.8126245628167125
At3g15120		0	0.7827673903096541
At3g24670		0	0.7696272490800076
At3g22480		0	0.8520116202863838
At3g18990		0	0.7128789034457581
At3g19085		0	0.6669724988815997
At3g13440		0	0.8182358739687388
At3g13445		0	0.8680213547245116
At3g13400		0	0.6483967136537709
At3g21140		0	0.7139690738415215
At3g21020		0	0.7192694326820539
At3g14160		0	0.8314715408478912
At3g19220		0	0.8459045436715195
At3g19720		0	0.701604961350603
At3g19740		0	0.7218158024393211
At3g15280		0	0.6753225206938414
At3g18260		0	0.7787662832037099
At3g19650		0	0.9054533983971202
At3g19670		0	0.7160984959797747
At3g20490		0	0.8150185278433189
At3g20570		0	0.8887858604146551
At3g30440		0	0.6027853717237499
At3g20130		0	0.6795005340572324
At3g20050		0	0.7107225463914062
At3g12890		0	0.6334120083831909
At3g27260		0	0.9027774003515172
At3g13100		0	0.6492148260229029
At3g13140		0	0.6723251664963255
At3g13222		0	0.768154849543449
At3g13160		0	0.7612779139688725
At3g23750		0	0.7760222222957305
At3g14930		0	0.8225627261196438
At3g15050		0	0.6932818149090266
At3g17420		0	0.6307352391155576
At3g28020		0	0.7904814868735749
orf111d		0	0.7540204053460572
At2g33820		0	0.7922121905786323
At2g23480		0	0.6004795406932599
At2g41050		0	0.6899352319516299
At2g43280		0	0.8996827205379653
At2g01800		0	0.5422009938295942
At1g04050		0	0.7274612692882216
At1g22910		0	0.6967677805698764
At1g11940		0	0.8852851060180007
At1g78840		0	0.7453753994810968
At2g04020		0	0.7088048758154715
At1g24040		0	0.7577194569595838
At1g20940		0	0.6753457866573949
At1g53770		0	0.87549102602681
At1g33840		0	0.7905353339435575
At1g80960		0	0.568594972574442
At1g27820		0	0.7594064288452291
At1g63580		0	0.6872603060044438
At1g06170		0	0.5317402658648567
At1g51430		0	0.7638359651540396
At1g78110		0	0.710616974168073
At3g10840		0	0.6432319769300563
At3g09670		0	0.7449465297658773
At3g26050		0	0.6285577325306821
At2g33990		0	0.8375965836251704
At3g30160		0	0.7344217698711588
At3g24720		0	0.6859497763249859
At3g16840		0	0.8877774904560687
At3g13225		0	0.7996970871766551
At3g13228		0	0.7639622789912215
At3g13340		0	0.9581683522125467
At3g18380		0	0.9348121077749961
At3g27410		0	0.643748134192295
At3g27440		0	0.6207326095986173
At3g29240		0	0.8844514516408307
At3g23060		0	0.6103415609654232
At3g27120		0	0.7776358984256281
At3g27050		0	0.7252422409165874
At3g18770		0	0.7182013294106608
At3g18524		0	0.925562674924142
At3g26700		0	0.6251127881272507
At3g26630		0	0.8108133039466725
At3g12990		0	0.8278519959317178
At3g17120		0	0.6610027962686766
At3g17060		0	0.6437436973620319
At3g25520		0	0.8081054251055836
At3g25500		0	0.6871035519249298
At3g23130		0	0.683471319287304
At3g17030		0	0.7624809653015648
At3g17040		0	0.912283748721904
At3g25585		0	0.6979680216937327
At3g21800		0	0.5879402928162184
At3g28950		0	0.8721221695652208
At3g19400		0	0.7737809372998588
At3g19340		0	0.8455196431824092
At3g16230		0	0.7521738782510188
At3g29035		0	0.7260826496244364
At3g14650		0	0.7425880141396128
At3g14730		0	0.7121911213903682
At3g24490		0	0.6819562018117326
At3g24540		0	0.7274965877354233
At3g24530		0	0.9237576169610197
At3g17930		0	0.7115735400969287
At3g17910		0	0.8453472282694231
At3g13980		0	0.6866684021525444
At3g13940		0	0.6733296312323254
At3g13970		0	0.7101818200160981
At3g15620		0	0.749920516016044
At3g15720		0	0.633065881440702
At3g26800		0	0.7061647980900916
At3g26900		0	0.8655513467879556
At3g23310		0	0.9367682739798384
At3g30570		0	0.5907175355423184
At3g16000		0	0.7179701232910006
At3g16120		0	0.7090840513131822
At3g14225		0	0.7363398291981129
At3g15420		0	0.7394880065975777
At3g16670		0	0.674618040585292
At3g16770		0	0.6572574311318813
At3g17250		0	0.756296100839837
At3g22280		0	0.9236154954280591
At3g22440		0	0.8470718785981302
At3g22435		0	0.8195703019206979
At3g02530		0	0.7255906238405878
At3g02490		0	0.8595753709114371
At3g06680		0	0.7134034961826259
At3g06800		0	0.7746864707597696
At3g07060		0	0.7885964551630458
At3g05980		0	0.7411768751785948
At3g05970		0	0.8126160107076446
At3g04400		0	0.8584461607538284
At3g02760		0	0.6838455360549338
At3g02870		0	0.6952932744347723
At3g02885		0	0.6698887040442895
At3g02790		0	0.7249924367639609
At3g02950		0	0.9073945871999763
At3g08740		0	0.8358016830827166
At3g08600		0	0.7531743200235742
At3g08590		0	0.6305646075496509
At3g09660		0	0.819711739444677
At3g09470		0	0.8512765024499426
At3g11900		0	0.7940843580690253
At3g11960		0	0.934308064647026
At3g10800		0	0.9707892911802237
At3g10700		0	0.8127156278809932
At3g10770		0	0.8825159491893224
At3g10740		0	0.8101603134352909
At3g04640		0	0.5829250236830209
At3g04540		0	0.5497386933508721
At3g04760		0	0.715569027666956
At3g04020		0	0.67650166510585
At3g04580		0	0.6362477547724958
At3g07230		0	0.7062976455572593
At3g07200		0	0.8217946987091551
At3g07270		0	0.7082930919898267
At3g07110		0	0.7962607946186169
At3g04680		0	0.8116106094178115
At3g03110		0	0.7918983291258916
At3g03220		0	0.8930827264381855
At3g09970		0	0.8024156557369194
At3g06400		0	0.7848730457392878
At3g06380		0	0.7585547101556525
At3g06470		0	0.696980060534758
At3g10525		0	0.7577076290576754
At3g01420		0	0.6255564380048055
At3g08950		0	0.7682355553939624
At3g01810		0	0.8329680287998724
At3g09310		0	0.736365927920646
At3g03340		0	0.8115281836330337
At3g03420		0	0.7662765186614412
At3g07300		0	0.7802764786983557
At3g07400		0	0.9075397778756769
At3g04820		0	0.6565055498236749
At3g04810		0	0.8239632515493276
At3g04840		0	0.8383357161395844
At3g04790		0	0.8449812925378771
At3g05560		0	0.8058813597135661
At3g02200		0	0.768631304845427
At3g02190		0	0.7187344396429148
At3g10350		0	0.8081976411772859
At3g01650		0	0.778246545225104
At3g03600		0	0.863705022590908
At3g07800		0	0.8220345798897231
At3g11510		0	0.760518525263042
At3g07565		0	0.783943660324701
At3g01270		0	0.7071444060912282
At3g05070		0	0.7753923810353498
At3g16460		0	0.8805700975967108
At3g16440		0	0.6848898337599414
At1g13250		0	0.7847568984044981
At1g17720		0	0.829714252886665
At1g01620		0	0.9291465870456549
At1g44000		0	0.6887204831529683
At1g15700		0	0.8940156417887012
At1g15730		0	0.7589847797739353
At1g43930		0	0.615270221040644
At1g12270		0	0.7697545695472974
At1g12450		0	0.7262929877002187
At1g12290		0	0.7734950332775588
At1g21320		0	0.672355277713327
At1g21210		0	0.5717437719561438
At1g35320		0	0.6124852795904179
At1g28160		0	0.6999190012718305
At1g27970		0	0.7185527735832962
At1g47980		0	0.6971299637228399
At1g56510		0	0.7806247549737095
At1g56350		0	0.811114296200717
At1g52260		0	0.7418587682923119
At1g55250		0	0.7266471968409913
At1g77800		0	0.6708911323792943
At1g77700		0	0.8159361841730272
At1g63080		0	0.7659244902384508
At1g63170		0	0.7946098514628588
At1g68930		0	0.8145475157699497
At1g77780		0	0.6690792109007907
At1g77490		0	0.7813894714613592
At1g61010		0	0.9545964816902415
At1g77470		0	0.7485365077349033
At1g64350		0	0.7570254298063309
At1g71030		0	0.8206888145999849
At1g29410		0	0.7605093020954892
At1g29520		0	0.8681114055458401
At1g29550		0	0.9255712895697653
At1g29630		0	0.6739282501448898
At1g29700		0	0.8072735797309445
At1g64330		0	0.6481726203693892
At1g49880		0	0.7115055094154212
At1g52180		0	0.7867989452452911
At1g73600		0	0.6553155386644227
At1g72170		0	0.7989213652036062
At1g72190		0	0.7392801572644845
At1g72630		0	0.8524348630259758
At1g76770		0	0.6313052456918655
At1g72610		0	0.6801404694162254
At1g71210		0	0.71449327925621
At1g74170		0	0.8458247293823937
At1g60870		0	0.6951124112045324
At1g76510		0	0.8529534186926333
At1g67940		0	0.766754178907312
At1g68070		0	0.9091621242745176
At1g68090		0	0.5640754457961268
At1g68780		0	0.7431122423815482
At1g78150		0	0.8611515785918624
At1g73690		0	0.5797717400783785
At1g63300		0	0.6806703264559031
At1g36390		0	0.824470578992323
At1g36320		0	0.7640243824448463
At1g66360		0	0.7937845555301187
At1g79850		0	0.8695441349675187
At1g71980		0	0.958919345326323
At1g52900		0	0.6712810531102118
At1g74500		0	0.6694275800651013
At1g74470		0	0.8390166773851442
At1g74310		0	0.5863458162969726
At1g74250		0	0.6750405748379118
At1g74330		0	0.6913014146780314
At1g80530		0	0.720369257031177
At1g63700		0	0.7414319618466247
At1g63670		0	0.6964572568612797
At1g80370		0	0.6718907035155379
At1g69280		0	0.8021907473389684
At1g69330		0	0.8913695587743269
At1g70560		0	0.6495649309758673
At1g73970		0	0.9270536496574598
At1g73950		0	0.8083210622279229
At1g73930		0	0.7832583348914384
At1g69770		0	0.721878630233982
At1g72450		0	0.6421415565939527
At1g68150		0	0.7356470345771471
At1g72420		0	0.7602166656044979
At1g72380		0	0.7181867344685187
At1g10930		0	0.6918175511589462
At1g10890		0	0.7247379691961902
At1g47220		0	0.758159934224508
At1g51410		0	0.5726559659083301
At2g43400		0	0.6886197595233388
At2g43480		0	0.7259365027462166
At2g43520		0	0.6652781442511777
At2g41790		0	0.7680315315214712
At1g55915		0	0.7801091385701835
At2g43770		0	0.9277018934548191
At2g43700		0	0.6901811246286251
At1g62320		0	0.6193892707455021
At1g62380		0	0.8297125686483111
At1g32360		0	0.7749284232111819
At1g19480		0	0.8078079254786612
At1g19370		0	0.7461927673116726
At1g07970		0	0.8004930753354496
At1g17510		0	0.7054336811173223
At1g32300		0	0.6442047773322537
At1g32320		0	0.8107030965496547
At1g15000		0	0.7358329733546485
At1g78380		0	0.887719853154397
At1g49240		0	0.8068236635077731
At1g43745		0	0.5477012057146325
At1g06890		0	0.8586853805901369
At1g06850		0	0.7573842374986774
At1g06740		0	0.9138037311444539
At1g43680		0	0.6874890735119197
At1g29260		0	0.9341580142475057
At1g29080		0	0.5780979787464219
At1g29250		0	0.6927364549807187
At1g21430		0	0.5604643283277582
At1g02690		0	0.6599854990498919
At1g21540		0	0.5778267753422495
At1g12230		0	0.7445007696027219
At1g53430		0	0.6583973742184146
At1g53645		0	0.7099766365512472
At1g12180		0	0.5977176576548575
At1g26370		0	0.905935981118752
At1g17470		0	0.7806549062552365
At1g01430		0	0.8039045594209144
At1g07440		0	0.6298013390752739
At1g62890		0	0.7616916325662284
At1g62920		0	0.6757619940044611
At1g75340		0	0.7544684897409458
At1g75330		0	0.9064831798320719
At1g62860		0	0.7641350054498774
At1g04860		0	0.8357200705142898
At1g19620		0	0.7040420295672141
At1g19690		0	0.6987280225906185
At1g04930		0	0.73852215766037
At1g34570		0	0.7715313404527986
At1g34580		0	0.7968343667596058
At1g12820		0	0.9675122012260939
At1g12970		0	0.8355348939353431
At1g34620		0	0.5469489611369318
At1g19980		0	0.8829847311299122
At1g32800		0	0.6343845436921485
At1g05920		0	0.6260834840144771
At1g05760		0	0.7397921458465908
At1g26750		0	0.7908353801288954
At1g26740		0	0.6873008468773696
At1g48620		0	0.6835036357493437
At1g48520		0	0.8087600989191067
At1g53120		0	0.7197910948128299
At1g44780		0	0.8481559845231846
At1g79710		0	0.8212337427457461
At1g79750		0	0.7340194215612386
At1g79820		0	0.8439397693594236
At1g18830		0	0.7010238320383182
At1g21140		0	0.8975972849345635
At1g21110		0	0.6200784977075042
At1g21065		0	0.8191471540351578
At1g28360		0	0.6861046759540685
At1g14440		0	0.7423293918033982
At1g71860		0	0.7805555811497973
At1g01790		0	0.7418363467291142
At1g63530		0	0.8371894264220223
At1g01770		0	0.8268486478896359
At1g01780		0	0.7043249852952054
At1g49580		0	0.7059766534444443
At1g49730		0	0.6893651998025845
At1g49930		0	0.6946798465723805
At1g50110		0	0.7795865853197229
At1g27670		0	0.7908868796163053
At1g27790		0	0.5565136827316041
At1g27690		0	0.8695030539031411
At1g01940		0	0.7612136691772345
At1g18460		0	0.8340411181418275
At1g18340		0	0.8025854560664012
At1g08360		0	0.7164995786542527
At1g18485		0	0.733321193832587
At1g76340		0	0.8237802775527394
At1g15500		0	0.8307905693173662
At1g15980		0	0.7774678837419766
At1g15930		0	0.8359163328463661
At1g16000		0	0.6924995733406085
At1g16010		0	0.9579831991344637
At1g30460		0	0.5825979573879778
At1g30515		0	0.7293709063814708
At1g08270		0	0.72958723266712
At1g08325		0	0.6971081934608769
At1g11390		0	0.8388804700207864
At1g11545		0	0.7813442861240106
At1g16030		0	0.8333692849830009
At1g11540		0	0.7115282540979344
At1g50440		0	0.8506970370200893
At1g50510		0	0.7953266157189387
At1g50575		0	0.8025331363300066
At1g11460		0	0.6885441152808112
At1g11570		0	0.7878799143161705
At1g80870		0	0.7350764839017817
At1g80940		0	0.7926391291286293
At1g65070		0	0.8289164930176096
At1g80680		0	0.8123277706813047
At1g22550		0	0.7672486269666414
At1g22500		0	0.6245880072135672
At1g65990		0	0.695092274276415
At1g33710		0	0.7532564675832953
At1g35550		0	0.7251059032976626
At1g35670		0	0.7224044288242841
At1g37160		0	0.6953469752626109
At1g37080		0	0.6108032829100449
At1g80140		0	0.6655756082828967
At1g80070		0	0.8433344741594715
At1g59650		0	0.6827570363163353
At1g56080		0	0.8363124215268305
At1g59630		0	0.5568924145675012
At1g52550		0	0.7118470179277325
At1g02900		0	0.7331861279320591
At1g52470		0	0.6614036495719804
At1g52420		0	0.7687557055187111
At1g77940		0	0.8404251845626248
At1g74710		0	0.6214130977184231
At2g01110		0	0.7331541152641776
At1g74850		0	0.7374721805625608
At1g74890		0	0.7163731949208254
At1g48380		0	0.8614019038899379
At1g48280		0	0.7557152062990595
At1g53870		0	0.7805757350196318
At1g42360		0	0.6818238588265639
At1g27610		0	0.7030718942567171
At1g27600		0	0.9638106914747148
At1g27520		0	0.757811223911919
At1g27540		0	0.8933765584944358
At1g64140		0	0.6954727201465465
At1g64050		0	0.7448955704509734
At1g64105		0	0.8148102379219633
At1g72820		0	0.8095103444790128
At1g49320		0	0.8141620961621159
At1g49350		0	0.8575101651160536
At1g50320		0	0.8475873089616963
At1g47610		0	0.8018450450649004
At1g47730		0	0.6304586967784092
At1g47720		0	0.6728105868579111
At1g11240		0	0.7677074596977538
At1g50390		0	0.6186842919929187
At1g50270		0	0.7894630000199496
At1g50250		0	0.9726699758471418
At1g21610		0	0.8830837651129633
At1g21760		0	0.7396937789875992
At1g17170		0	0.6106047416107021
At1g17210		0	0.8957405214551984
At1g34310		0	0.9470992927090007
At1g15490		0	0.748514903757246
At1g15360		0	0.7786229946032559
At1g15170		0	0.8382479195493426
At1g06510		0	0.833551190284284
At1g06450		0	0.6912764640701428
At1g06630		0	0.859429899349339
At1g62770		0	0.7379294290343422
At1g14040		0	0.7279293651811931
At1g13940		0	0.8063107886351106
At1g13970		0	0.7115364723031117
At1g62810		0	0.7917055104240809
At1g62830		0	0.7931190478649545
At1g75980		0	0.764095776454651
At1g16190		0	0.8515315060082059
At1g16430		0	0.831527244378606
At1g75800		0	0.8683938352063912
At1g13190		0	0.8472956634704427
At1g20880		0	0.7967381873542025
At1g11760		0	0.7412844471175185
At1g14950		0	0.6682240024478565
At1g14750		0	0.6411248885981529
At1g20890		0	0.7350499963774723
At1g14910		0	0.7339373415083765
At1g64910		0	0.5984585470007512
At1g14760		0	0.6835414161102518
At1g79510		0	0.7592808853383304
At1g79390		0	0.7247174755418313
At1g75500		0	0.7680834777310515
At1g54340		0	0.7781598807065631
At1g75720		0	0.6800815660281201
At1g75640		0	0.8391301566054921
At1g54190		0	0.6812430381166532
At1g54350		0	0.743849575658394
At1g54260		0	0.6494529514550262
At2g17630		0	0.7787741926041309
At2g13430		0	0.6742769379239131
At2g18160		0	0.7631561348616684
At2g27190		0	0.7611387798898439
At2g16000		0	0.6576581342156772
At1g65220		0	0.9298393529762942
At1g65210		0	0.6584349658472044
At1g54060		0	0.649986794092414
At1g54010		0	0.7910774258373976
At1g54080		0	0.8447048055224083
At1g03160		0	0.8321198149718005
At1g05550		0	0.6827334736556507
At1g05610		0	0.5828432056261847
At1g10550		0	0.5963631950861519
At1g30570		0	0.7937619479444136
At2g31400		0	0.7867852300774254
At2g31450		0	0.8998216897448292
At2g31410		0	0.6764808715538051
At2g31380		0	0.6873038676264965
At2g16590		0	0.7471878032298638
At2g01920		0	0.5593283879425925
At2g05755		0	0.8414827644228211
At2g03820		0	0.6991528014394064
At2g05720		0	0.8511871337596522
At2g31550		0	0.7636244520469961
At2g31610		0	0.9140503631384914
At2g28720		0	0.7126259602320039
At2g22310		0	0.7935721905776785
At2g31640		0	0.6504869115486229
At2g22125		0	0.667317957170187
At2g31810		0	0.6811111699634809
At2g42620		0	0.7502178515325524
At2g24960		0	0.8764124267661987
At2g21680		0	0.7160303808492356
At2g16350		0	0.7582757038350705
At2g16380		0	0.7619311381752717
At2g15370		0	0.7280551705583611
At2g01890		0	0.6570294642337611
At2g01830		0	0.8343793872815801
At2g16280		0	0.6891308271712115
At2g16250		0	0.6728510098327678
At2g16230		0	0.6628469778526891
At2g11910		0	0.9059246917739247
At2g11890		0	0.7986235690905158
At1g09340		0	0.7841830853143946
At1g04520		0	0.7249195646609637
At1g04420		0	0.8125361320773057
At1g26910		0	0.8315313353226796
At1g31120		0	0.7783101781268212
At1g09300		0	0.8290310718082383
At2g13600		0	0.7689511336929336
At2g13620		0	0.5943267026763324
At2g13540		0	0.7890492329960085
At2g06390		0	0.5843721058431759
At2g46410		0	0.6623005365832104
At2g40430		0	0.7035297355026584
At2g10010		0	0.6195954058059985
At2g40290		0	0.7873832703485182
At2g36930		0	0.7843767108276803
At2g21860		0	0.858219231307146
At2g35930		0	0.6197228055761412
At2g36000		0	0.7952762408434694
At2g35820		0	0.7199774839709543
At2g36240		0	0.7582444392980797
At2g36200		0	0.7953410795332634
At2g36370		0	0.6705518124252967
At2g42850		0	0.7530943124141208
At2g42870		0	0.5925673223969826
At2g10840		0	0.5371182659814775
At2g28540		0	0.8526637357502672
At2g31240		0	0.763701010325032
At1g79000		0	0.8378284537586657
At2g31320		0	0.8589904866183837
At1g78980		0	0.8234593750050239
At1g65310		0	0.718968475104407
At1g65270		0	0.8242053829849747
At1g65290		0	0.7955721426998823
At1g02080		0	0.8181145800210092
At1g02020		0	0.8929339800435608
At1g02110		0	0.7320851171525666
At1g02180		0	0.8101423152245344
At1g22780		0	0.835018950611405
At1g65400		0	0.5605601795923593
At1g67440		0	0.8705893798653833
At1g54700		0	0.5924116711245085
At1g54770		0	0.7328113850298716
At1g09150		0	0.8183460851602705
At1g61820		0	0.7705993668110225
At1g78770		0	0.7608828979542452
At1g78740		0	0.7458232135632104
At1g70450		0	0.7686419153891288
At1g04190		0	0.9061703470950618
At1g04170		0	0.8079000915901433
At1g04130		0	0.8132758388868577
At1g70320		0	0.886538261976305
At1g03260		0	0.8312702303814496
At2g25180		0	0.9311737482126411
At2g25060		0	0.7378327582199016
At2g25080		0	0.7188348444128156
At1g11860		0	0.7605597605384526
At1g11820		0	0.7322521179882844
At1g61780		0	0.7953655767000103
At1g61720		0	0.7019558378850057
At1g43170		0	0.8665892201633602
At1g61740		0	0.6458077920552265
At1g27450		0	0.8443846708791504
At1g27310		0	0.843094068867113
At1g67180		0	0.7900346226053996
At1g77240		0	0.6107616589988556
At1g77180		0	0.7576423305525711
At1g09575		0	0.7399352182462214
At1g10000		0	0.6719537431370237
At1g10070		0	0.614209570437472
At1g55610		0	0.7453477751738269
At1g55660		0	0.6545750769152621
At1g55800		0	0.6441879685784031
At1g09450		0	0.9767299834757365
At1g55820		0	0.8793667309903144
At1g05130		0	0.7010976756753347
At1g05230		0	0.8050097351324044
At1g05140		0	0.7897158828467183
At1g04650		0	0.8281862453655111
At1g09130		0	0.8423531085168925
At1g09060		0	0.8319997595777457
At1g09640		0	0.8422218689414036
At1g09795		0	0.784988710832765
At1g09810		0	0.7337807123088367
At1g70080		0	0.6816858501716425
At1g22960		0	0.715944755860844
At1g22850		0	0.7247643024993244
At1g62060		0	0.7266026379591706
At1g70070		0	0.7947998886172556
At1g22830		0	0.7049483089649267
At1g08600		0	0.8243884391612573
At1g03457		0	0.6722910093827414
At1g03687		0	0.7128743957700334
At2g17360		0	0.7473545086860829
At2g17265		0	0.6820404522043271
At1g24170		0	0.6589774952909382
At1g23205		0	0.6361787005759791
At2g17420		0	0.8222915143456224
At1g60690		0	0.8183469104099811
At1g60750		0	0.6854759120145506
At1g60830		0	0.8536666759443854
At1g60800		0	0.8236899784180786
At1g77090		0	0.6773110360908028
At1g26990		0	0.6235274861487092
At1g24610		0	0.8447502495042146
At1g03860		0	0.7721834475464919
At1g03840		0	0.5616780798595635
At1g03820		0	0.7657072012849884
At1g31010		0	0.6333211814646971
At1g30880		0	0.7662455314260407
At1g62460		0	0.7289158189244072
At1g30970		0	0.8838880539054433
At1g51300		0	0.8385073821289956
At1g51390		0	0.8714781201536141
At1g30950		0	0.7280646734421417
At1g31030		0	0.6415278745765615
At1g31050		0	0.716436769327683
At1g30910		0	0.8164665893695091
At1g23580		0	0.631309485611979
At2g36750		0	0.5511138391930932
At2g36620		0	0.7946445832139302
At1g05030		0	0.8318542833597649
At1g05040		0	0.5951430835878884
At2g42910		0	0.8120305364319123
At2g28440		0	0.6600025193426313
At2g28330		0	0.8662421772918742
At2g28460		0	0.8583165531470289
At2g14060		0	0.8315320169254624
At2g20250		0	0.782384228128248
At2g20400		0	0.7742742909602411
At2g18390		0	0.8944432147601713
At2g22570		0	0.8288159900760204
At2g13335		0	0.6774876260302283
At2g20830		0	0.8951611978435327
At2g11000		0	0.818310644418124
At2g20840		0	0.8225306040830405
At2g20730		0	0.845740627280235
At2g46560		0	0.8809076346095034
At2g15790		0	0.7089990798481474
At2g15560		0	0.7464637256234636
At2g06210		0	0.7777979375303802
At2g06220		0	0.5506556083859624
At2g06230		0	0.5746570527669279
At2g11370		0	0.7153188646935759
At2g28270		0	0.6679443288586522
At2g07560		0	0.5624969007964824
At2g20100		0	0.7449306762893657
At2g20040		0	0.8418738680248521
At2g20180		0	0.6987962120344768
At2g20150		0	0.5681459467638247
At2g25355		0	0.7707416453931342
At2g32070		0	0.8135344956355213
At2g24310		0	0.8154015545006306
At2g24440		0	0.6773717863349624
At2g32170		0	0.802155954235531
At2g03540		0	0.6838122735879594
At2g32010		0	0.7445490805297079
At2g01130		0	0.7947492334155623
At2g01250		0	0.8329079242240642
At2g01270		0	0.9494182634576799
At2g48070		0	0.8018342367267043
At2g07240		0	0.7162645573703075
At2g07300		0	0.6402399644498686
At2g01380		0	0.7579184847192284
At2g14400		0	0.6950806894950353
At2g01700		0	0.6351870624968352
At2g01770		0	0.7181533344029798
At2g42320		0	0.7347855013517127
At2g18600		0	0.6720403633151546
At2g18590		0	0.7706487412528064
At2g37490		0	0.7942855970035223
At2g37270		0	0.7830399279831419
At2g37410		0	0.8303554923598478
At2g24170		0	0.6953984654958063
At2g24250		0	0.5776567358533561
At2g37340		0	0.9093073644286771
At2g05830		0	0.8825792604437158
At2g07738		0	0.7973664295792683
At2g40650		0	0.7189609861887483
At2g40765		0	0.8752559907904172
At2g18760		0	0.7358729220510531
At2g18790		0	0.8545949726021264
At2g18740		0	0.7484247978870455
At2g37790		0	0.7525970622750966
At2g37780		0	0.7179697020324374
At2g37920		0	0.892460328329202
At2g38050		0	0.764520545546941
At2g37970		0	0.7134221917699091
At2g02070		0	0.6932171315869002
At2g02090		0	0.7186129533268958
At2g12050		0	0.8705825509108923
At2g12190		0	0.8171536467505205
At2g28080		0	0.7289347697437671
At2g02440		0	0.6788837985369458
At2g02250		0	0.640282757286035
At2g02470		0	0.9431350432130077
At2g02410		0	0.7114004186021421
At2g27760		0	0.6899322244915824
At2g06850		0	0.6987831132393181
At2g29210		0	0.73885413153797
At2g29320		0	0.7683471249879074
At2g27010		0	0.8281225214755015
At2g26990		0	0.8627182660322152
At2g26980		0	0.7372487636011433
At2g46710		0	0.7701940344556314
At2g32260		0	0.8099088832927923
At2g14595		0	0.6596620905216424
At2g32340		0	0.6675437526244135
At2g38660		0	0.9591886517208223
At2g38570		0	0.8167682799988336
At2g38550		0	0.7999308818809927
At2g43240		0	0.9070163197193243
At2g43260		0	0.8385240420438453
At2g31150		0	0.6484974131112837
At2g31090		0	0.777952205017325
At2g31170		0	0.7977660237515101
At2g35155		0	0.7534440589874482
At2g16860		0	0.7327906961863886
At2g35150		0	0.7094939914199088
At2g46280		0	0.8487094445349908
At2g46230		0	0.809329457992608
At2g46110		0	0.7414489594262355
At2g46060		0	0.7899937539625854
At2g29660		0	0.5949776304607766
At2g25810		0	0.7250365360174278
At2g29780		0	0.7373002824385345
At2g29820		0	0.6796372355485215
At2g19680		0	0.7581013868102779
At2g46780		0	0.7233832723638132
At2g03260		0	0.8378597022560563
At2g03280		0	0.7587120979754944
At2g47010		0	0.6458797489054406
At2g46940		0	0.5778749902696443
At2g46880		0	0.7610775803749059
At2g28980		0	0.7140393068910711
At2g44960		0	0.7699053990706068
At2g22890		0	0.756933267828165
At2g22910		0	0.9010307434775681
At2g44730		0	0.7755453037444404
At2g34550		0	0.6543493883187692
At2g45870		0	0.8698029009429953
At2g45930		0	0.6101157529780066
At2g18870		0	0.8627767179109225
At2g18850		0	0.7786684083957205
At2g18910		0	0.6715200898932663
At2g34530		0	0.6839126537688403
At2g07720		0	0.5766333650061226
At2g39470		0	0.6885330328474114
At2g39460		0	0.7383312499419881
At2g39570		0	0.7993212379877734
At2g34480		0	0.8084781278021314
At2g39180		0	0.6739257749522696
At2g39170		0	0.8779119980741021
At2g38480		0	0.7272261453081363
At2g38500		0	0.7461384929082406
At2g32500		0	0.7635866645834952
At2g41080		0	0.8302077738039879
At2g41070		0	0.6564914624625422
At2g38270		0	0.804022481572238
At2g41500		0	0.7095041562009534
At2g14770		0	0.7047803216174029
At2g32540		0	0.7230268153315811
At2g23380		0	0.7690443137685992
At2g23410		0	0.7492188489715987
At2g30970		0	0.7532938491280393
At2g31040		0	0.709305048533013
At2g37560		0	0.6952929606857974
At2g44090		0	0.7439892612425336
At2g44170		0	0.6922662846364589
At2g31000		0	0.854380989108696
At2g44065		0	0.7729243992241072
At2g43970		0	0.676467557703633
At2g02590		0	0.7416650402469733
At2g44030		0	0.6560544932582266
At2g30170		0	0.8110300531374213
At2g02560		0	0.8072855480332508
At2g23740		0	0.8257168097664849
At2g19380		0	0.8914163419200978
At2g19270		0	0.7123581962419919
At2g19280		0	0.9657032602281812
At2g44230		0	0.6998684306988594
At2g44240		0	0.6733718498367647
At2g39940		0	0.8764932177133753
At2g40000		0	0.7581489916587065
At2g40020		0	0.8737058899431083
At2g39910		0	0.8403741066891633
At2g26200		0	0.9396754143401838
At2g44470		0	0.6622490551845861
At1g76170		0	0.7784783011174001
At2g44195		0	0.6884885534537122
At2g33980		0	0.7777582379415965
At2g33740		0	0.943874398123458
At2g34970		0	0.7654093806804452
At2g34990		0	0.7656103733089745
At2g33720		0	0.6632496422853255
At2g02750		0	0.7385041031400768
At2g02800		0	0.6877235738965801
At2g45640		0	0.8782729576637006
At2g45620		0	0.7211257430133067
At2g42040		0	0.6833307871685421
At2g32640		0	0.7662187535850917
At2g32710		0	0.7716296118956343
At2g30730		0	0.5617288971715051
At2g30695		0	0.728949504582761
At2g41970		0	0.6883238156251397
At2g42270		0	0.9262548323291759
At2g42120		0	0.9719222211696886
At2g42100		0	0.5797053884424214
At2g42220		0	0.723758755188415
At2g42190		0	0.7782881305257559
AFFX-Athal-GAPDH_3_s_at		0	0.902532296730045
AFFX-r2-Bs-phe-5_at		0	0.6752333919325011
AFFX-r2-Bs-thr-3_s_at		0	0.7013551312158992
